sku_id,list_id,store_number,sku,description,list_price,item_category,udf1,udf2,udf4,udf10,udf12,user_id,item_sid,vendor_code,department_code,class_code,subclass_code,dcs,subsidiary_number,created_date,modified_date
11769231,NULL,1,10214,LOOSE SHORTS,15.86,MEN'S,ATLANTIC,NULL,NULL,34,NULL,1068,7.03813872872634E+018,LEVI,MEN,CLO,CAS,MENCLOCAS,1,2023-11-25 07:08:18,2024-05-23 03:45:51
11769232,NULL,1,50265,PULLOVER MEN'S HOODIE,42.3,MEN'S,GREY,NULL,NULL,L(42-44),NULL,1068,7.15952709398319E+018,CHA,MEN,CLO,SWE,MENCLOSWE,1,2023-11-25 07:08:18,2024-07-18 12:50:10
11769233,NULL,1,50074,PULLOVER MEN'S HOODIE,39.59,MEN'S,GREY,NULL,NULL,M(38-40),NULL,1068,7.1595108336816E+018,CHA,MEN,CLO,SWE,MENCLOSWE,1,2023-11-25 07:08:18,2025-05-07 05:52:04
11781917,NULL,1,AB BC CA,Desc1,431.2,LG,Black,NULL,NULL,L,NULL,1068,-1.65642520468658E+018,NULL,NULL,NULL,NULL,NULL,NULL,2023-11-25 07:08:18,2023-11-25 07:11:57
11781918,NULL,1,NULL,Desc1,100,LG,Black,NULL,NULL,4,NULL,1068,63289711111,NULL,NULL,NULL,NULL,NULL,NULL,2023-11-25 07:08:18,2023-11-25 07:11:57
11768739,NULL,1,NULL,Radiant Tee-XL-Purple,22,NULL,Top,Radiant Tee-XL-Purple,"Default Category-Women-Tops-Tees,Default Category-Promotions-Tees,Default Category-Collections-Performance Fabrics,Default Category",NULL,NULL,1068,WS12-XL-Purple,NULL,NULL,NULL,NULL,NULL,NULL,2023-11-25 07:08:18,2023-11-25 07:11:57
11767336,NULL,1,NULL,Hero Hoodie-L-Black,54,NULL,Top,Hero Hoodie-L-Black,Default Category-Men-Tops-Hoodies & Sweatshirts,NULL,NULL,1068,MH07-L-Black,NULL,NULL,NULL,NULL,NULL,NULL,2023-11-25 07:08:18,2023-11-25 07:11:57
11768738,NULL,1,NULL,Radiant Tee-XL-Orange,22,NULL,Top,Radiant Tee-XL-Orange,"Default Category-Women-Tops-Tees,Default Category-Promotions-Tees,Default Category-Collections-Performance Fabrics,Default Category",NULL,NULL,1068,WS12-XL-Orange,NULL,NULL,NULL,NULL,NULL,NULL,2023-11-25 07:08:18,2023-11-25 07:11:57
11767227,NULL,1,NULL,Yoga Adventure,22,NULL,Downloadable,Yoga Adventure,"Default Category-Training,Default Category-Training-Video Download",NULL,NULL,1068,240-LV06,NULL,NULL,NULL,NULL,NULL,NULL,2023-11-25 07:08:18,2023-11-25 07:11:57
11773018,NULL,1,123123123217,NECKLACE,60,WOM,NULL,NULL,NULL,NULL,NULL,1068,-6.90806757106706E+018,KJL,WOM,ACC,INS,WOMACCINS,1,2023-11-25 07:08:18,2024-05-27 05:02:41
11773052,NULL,1,10177,SHIRT SHORT-SLEEVE &,16.88,MEN'S &,BLACK,NULL,NULL,L,NULL,1068,7.03856916381401E+018,DICKIE,MEN,CLO,WRK,MENCLOWRK,1,2023-11-25 07:08:18,2024-05-24 03:58:53
11773141,NULL,1,50012,TPX PROTECTIVE INNER GLOVES,12.44,EQUIPMENT,LEFT,NULL,NULL,M,NULL,1068,7.1601413370533E+018,LOU,EQP,XXX,BAS,EQPXXXBAS,1,2023-11-25 07:08:18,2024-07-18 12:58:01
11773064,NULL,1,10078,BOLLYWOOD SUMMER DRESS,49.99,WOMEN'S,PINK,NULL,NULL,8,NULL,1068,7.04917928053198E+018,MIZ,WOM,CLO,DRS,WOMCLODRS,1,2023-11-25 07:08:18,2024-05-24 01:03:19
11773040,NULL,1,10023,CARGO SHORTS,15.86,MEN'S,CAMO,NULL,NULL,32,NULL,1068,7.03810373473371E+018,LEVI,MEN,CLO,CAS,MENCLOCAS,1,2023-11-25 07:08:18,2024-05-22 09:16:30
11773019,NULL,1,32200004113,EARRINGS,60,WOM,NULL,NULL,NULL,NULL,NULL,1068,-6.90805539730102E+018,KJL,WOM,ACC,INS,WOMACCINS,1,2023-11-25 07:08:18,2023-11-25 07:11:57
11773041,NULL,1,10221,CARGO SHORTS,15.86,MEN'S,CAMO,NULL,NULL,34,NULL,1068,7.03810375972337E+018,LEVI,MEN,CLO,CAS,MENCLOCAS,1,2023-11-25 07:08:18,2023-11-25 07:11:57
11773048,NULL,1,10139,SLACKS-PLEATED,48,MEN,BLACK,NULL,NULL,32X34,NULL,1068,7.03850929242289E+018,LEVI,MEN,CLO,CAS,MENCLOCAS,1,2023-11-25 07:08:18,2023-11-25 07:11:57
11767184,NULL,1,NULL,Fusion Backpack,59,NULL,Bag,Fusion Backpack,"Default Category-Gear,Default Category-Gear-Bags",NULL,NULL,1068,24-MB02,NULL,NULL,NULL,NULL,NULL,NULL,2023-11-25 07:08:18,2023-11-25 07:11:57
11773042,NULL,1,10153,CARGO SHORTS,15.86,MEN'S,CAMO,NULL,NULL,36,NULL,1068,7.03810376611549E+018,LEVI,MEN,CLO,CAS,MENCLOCAS,1,2023-11-25 07:08:18,2024-05-24 01:03:19
11773081,NULL,1,20220,AIR REJUVEN8 THONG,54.6369,WOM,FUCHSIA,NULL,NULL,6,NULL,1068,7.06039596053267E+018,NIK,WOM,SHO,CAS,WOMSHOCAS,1,2023-11-25 07:08:18,2023-11-25 07:11:57
11773055,NULL,1,10030,BROWNSVILLE BELT,27,MEN'S,BROWN,NULL,NULL,36,NULL,1068,7.04907978065203E+018,WOL,MEN,ACC,BEL,MENACCBEL,1,2023-11-25 07:08:18,2024-04-11 15:36:38
11773043,NULL,1,10047,LOOSE SHORTS,15.86,MEN'S,AVALON,NULL,NULL,34,NULL,1068,7.03813873350784E+018,LEVI,MEN,CLO,CAS,MENCLOCAS,1,2023-11-25 07:08:18,2023-11-25 07:11:57
11773137,NULL,1,50128,AIR REJUVEN8 THONG,43.989,WOM,FUCHSIA,NULL,NULL,9,NULL,1068,7.15985120787687E+018,NIK,WOM,SHO,CAS,WOMSHOCAS,1,2023-11-25 07:08:18,2024-07-11 07:27:04
11773050,NULL,1,10061,SHIRT SHORT-SLEEVE &,16.88,MEN'S &,BROWN,NULL,NULL,S,NULL,1068,7.038569135989E+018,DICKIE,MEN,CLO,WRK,MENCLOWRK,1,2023-11-25 07:08:18,2024-05-22 09:16:29
11921764,NULL,1,728815424209,SIMPLIFY PEARL BONE,199,SHOES W   MOC HL    MOCCASIN,8,NULL,NULL,S,NULL,1068,23322093574905,NULL,NULL,NULL,NULL,NULL,NULL,2023-11-25 07:08:18,2023-11-25 07:11:57
11921765,NULL,1,728815424216,SIMPLIFY PEARL BONE,169.15,SHOES W   MOC HL    MOCCASIN,8.5,NULL,NULL,S,NULL,1068,23322093575160,NULL,NULL,NULL,NULL,NULL,NULL,2023-11-25 07:08:18,2023-11-25 07:11:57
11921766,NULL,1,728815424223,SIMPLIFY PEARL BONE,199,SHOES W   MOC HL    MOCCASIN,9,NULL,NULL,S,NULL,1068,23322093575167,NULL,NULL,NULL,NULL,NULL,NULL,2023-11-25 07:08:18,2023-11-25 07:11:57
11921767,NULL,1,728815424247,SIMPLIFY PEARL BONE,199,SHOES W   MOC HL    MOCCASIN,10,NULL,NULL,S,NULL,1068,23322093575935,NULL,NULL,NULL,NULL,NULL,NULL,2023-11-25 07:08:18,2023-11-25 07:11:57
11921768,NULL,1,728815424254,SIMPLIFY PEARL BONE,199,SHOES W   MOC HL    MOCCASIN,10.5,NULL,NULL,S,NULL,1068,23322093576190,NULL,NULL,NULL,NULL,NULL,NULL,2023-11-25 07:08:18,2023-11-25 07:11:57
11921769,NULL,1,728815424339,SIMPLIFY PEARL BONE,159.2,SHOES W   MOC HL    MOCCASIN,N,NULL,NULL,8,NULL,1068,23322093579003,NULL,NULL,NULL,NULL,NULL,NULL,2023-11-25 07:08:18,2023-11-25 07:11:57
11921771,NULL,1,728815424391,SIMPLIFY PEARL BONE,199,SHOES W   MOC HL    MOCCASIN,N,NULL,NULL,11,NULL,1068,23322093580543,NULL,NULL,NULL,NULL,NULL,NULL,2023-11-25 07:08:18,2023-11-25 07:11:57
11921772,NULL,1,728815424452,SIMPLIFY PEARL BONE,169.15,SHOES W   MOC HL    MOCCASIN,M,NULL,NULL,5.5,NULL,1068,23322093582588,NULL,NULL,NULL,NULL,NULL,NULL,2023-11-25 07:08:18,2023-11-25 07:11:57
11773136,NULL,1,50081,AIR REJUVEN8 THONG,43.989,WOM,BLUE,NULL,NULL,6.5,NULL,1068,7.15983729628486E+018,NIK,WOM,SHO,CAS,WOMSHOCAS,1,2023-11-25 07:08:18,2025-01-08 06:22:28
11773077,NULL,1,20077,ASSORTED CUSHIONED SOCKS,15.13,MEN,WHITE,NULL,NULL,NULL,NULL,1068,7.06037065357873E+018,WIL,MEN,ACC,SOK,MENACCSOK,1,2023-11-25 07:08:18,2024-05-22 09:16:29
11773084,NULL,1,20268,JORDON,66.65,WOM,BLACK,NULL,NULL,7,NULL,1068,7.06040493000144E+018,LIF,WOM,FTW,DRS,WOMFTWDRS,1,2023-11-25 07:08:18,2023-11-25 07:11:57
11773058,NULL,1,10108,MODERN FIT WALKING SHORTS,17.64,WOMEN'S,NULL,NULL,NULL,8,NULL,1068,7.04912514568206E+018,LEE,WOM,CLO,CAS,WOMCLOCAS,1,2023-11-25 07:08:18,2024-05-24 03:52:24
11773094,NULL,1,20169,CALI GEAR,44.27,CHD,CAMO,NULL,NULL,3.5,NULL,1068,7.0604454621363E+018,SKE,CHD,FTW,CAS,CHDFTWCAS,1,2023-11-25 07:08:18,2024-07-10 03:01:39
11773119,NULL,1,20237,AIR JORDAN 8,94.5464,MEN,AQUA,NULL,NULL,10.5,NULL,1068,7.14203623086457E+018,NIK,MEN,FTW,CAS,MENFTWCAS,1,2023-11-25 07:08:18,2024-07-02 13:44:05
11921836,NULL,1,NULL,NULL,19.95,NULL,NULL,NULL,NULL,NULL,NULL,1068,69754,NULL,NULL,NULL,NULL,NULL,NULL,2023-11-25 07:08:18,2023-11-25 07:11:57
11921837,NULL,1,NULL,NULL,69.95,NULL,NULL,NULL,NULL,NULL,NULL,1068,70226,NULL,NULL,NULL,NULL,NULL,NULL,2023-11-25 07:08:18,2023-11-25 07:11:57
11921838,NULL,1,NULL,NULL,39.95,NULL,NULL,NULL,NULL,NULL,NULL,1068,68716,NULL,NULL,NULL,NULL,NULL,NULL,2023-11-25 07:08:18,2023-11-25 07:11:57
11921839,NULL,1,NULL,NULL,49.95,NULL,NULL,NULL,NULL,NULL,NULL,1068,70245,NULL,NULL,NULL,NULL,NULL,NULL,2023-11-25 07:08:18,2023-11-25 07:11:57
11773056,NULL,1,10122,5-PACK SOCKS,8.8931,MEN'S,BLACK,NULL,NULL,NULL,NULL,1068,7.04909030187906E+018,GRG,MEN,ACC,SOK,MENACCSOK,1,2023-11-25 07:08:18,2024-07-10 03:12:09
11773015,NULL,1,121217,REPLACE - BUBBLES (DUMMY),10,ACC,NULL,NULL,NULL,NULL,NULL,1068,-7.22625620511509E+018,ACM,ACC,BAT,XXX,ACCBATXXX,1,2023-11-25 07:08:18,2024-02-28 04:41:13
11773153,NULL,1,30298,WORDLOCK COMBINATION,9.95,LUG,VARIOUS,NULL,NULL,NULL,NULL,1068,9.03391652610723E+018,TITAN,LUG,TNK,XXX,LUGTNKXXX,1,2023-11-25 07:08:18,2023-11-25 07:11:57
11773032,NULL,1,763431,JEANS,59.95,MEN,BLK,NULL,NULL,42,NULL,1068,-6.90796884631126E+018,TBH,MEN,SHO,BOT,MENSHOBOT,1,2023-11-25 07:08:18,2024-05-24 03:23:58
11773051,NULL,1,10160,SHIRT SHORT-SLEEVE &,16.88,MEN'S &,BLACK,NULL,NULL,M,NULL,1068,7.03856915907445E+018,DICKIE,MEN,CLO,WRK,MENCLOWRK,1,2023-11-25 07:08:18,2024-06-25 12:14:21
11773118,NULL,1,20190,AIR JORDAN 8,94.5464,MEN,ORANGE,NULL,NULL,10,NULL,1068,7.14203623023543E+018,NIK,MEN,FTW,CAS,MENFTWCAS,1,2023-11-25 07:08:18,2025-01-08 07:03:28
11773113,NULL,1,30212,ATTACHE NOTEBOOK - SMALL,830,BRF,SILVER,NULL,NULL,NULL,NULL,1068,7.06384199512064E+018,RIM,BRF,CRY,HRD,BRFCRYHRD,1,2023-11-25 07:08:18,2025-01-08 06:20:28
11921844,NULL,1,728815424162,SIMPLIFY PEARL BONE,199,SHOES W   MOC HL    MOCCASIN,6,NULL,NULL,S,NULL,1068,23322093573370,NULL,NULL,NULL,NULL,NULL,NULL,2023-11-25 07:08:18,2023-11-25 07:11:57
11921845,NULL,1,728815424179,SIMPLIFY PEARL BONE,199,SHOES W   MOC HL    MOCCASIN,6.5,NULL,NULL,S,NULL,1068,23322093573883,NULL,NULL,NULL,NULL,NULL,NULL,2023-11-25 07:08:18,2023-11-25 07:11:57
11923891,NULL,1,728815424186,SIMPLIFY PEARL BONE,199,SHOES W   MOC HL    MOCCASIN,7,NULL,NULL,S,NULL,1068,23322093574138,NULL,NULL,NULL,NULL,NULL,NULL,2023-11-25 07:08:18,2023-11-25 07:11:57
11773053,NULL,1,10085,SHIRT & TIE BOX SET,17.88,MEN'S,OLIVE,NULL,NULL,M,NULL,1068,7.03860726852898E+018,GRG,MEN,CLO,DRS,MENCLODRS,1,2023-11-25 07:08:18,2024-06-25 12:08:21
11773029,NULL,1,3452,JEANS,59.95,MEN,BLU,NULL,NULL,36,NULL,1068,-6.90796884947376E+018,TBH,MEN,SHO,BOT,MENSHOBOT,1,2023-11-25 07:08:18,2023-11-25 07:11:57
11773030,NULL,1,3421,JEANS,59.95,MEN,BLK,NULL,NULL,30,NULL,1068,-6.90796884764505E+018,TBH,MEN,SHO,BOT,MENSHOBOT,1,2023-11-25 07:08:18,2023-11-25 07:11:57
11773024,NULL,1,75435,JEANS,59.95,MEN,BLK,NULL,NULL,34,NULL,1068,-6.907968850623E+018,TBH,MEN,SHO,BOT,MENSHOBOT,1,2023-11-25 07:08:18,2023-11-25 07:11:57
11773126,NULL,1,50104,INDOOR SOCCER BALL,27.5,EQP,NULL,NULL,NULL,5,NULL,1068,7.15612020063175E+018,CHA,EQP,XXX,SOC,EQPXXXSOC,1,2023-11-25 07:08:18,2023-11-25 07:11:57
11773144,NULL,1,50043,ALUMINUM BAT,219.989,EQP,CATALYST,NULL,NULL,NULL,NULL,1068,7.16016315250082E+018,LOU,EQP,XXX,BAS,EQPXXXBAS,1,2023-11-25 07:08:18,2024-05-06 10:51:10
11773148,NULL,1,30236,ATTACHE NOTEBOOK - SMALL,830,BRF,COPPER,NULL,NULL,NULL,NULL,1068,9.0338728575809E+018,RIM,BRF,CRY,HRD,BRFCRYHRD,1,2023-11-25 07:08:18,2023-11-25 07:11:57
11773117,NULL,1,20206,AIR JORDAN 8,94.5464,MEN,AQUA,NULL,NULL,9.5,NULL,1068,7.14203617493772E+018,NIK,MEN,FTW,CAS,MENFTWCAS,1,2023-11-25 07:08:18,2024-07-11 08:17:35
11773078,NULL,1,20084,AIR MESH GYMSACK,20.78,MEN,MIDNIGHT,NULL,NULL,NULL,NULL,1068,7.06037469242504E+018,NIK,MEN,BPK,XXX,MENBPKXXX,1,2023-11-25 07:08:18,2024-06-14 10:43:51
11773022,NULL,1,75541,JEANS,59.95,MEN,BLU,NULL,NULL,32,NULL,1068,-6.90796889349718E+018,TBH,MEN,SHO,BOT,MENSHOBOT,1,2023-11-25 07:08:18,2023-11-25 07:11:57
11773132,NULL,1,50197,NASCAR DVD KIT,43.99,ACC,NULL,NULL,NULL,NULL,NULL,1068,7.15616137842937E+018,ESPN,ACC,DVD,XXX,ACCDVDXXX,1,2023-11-25 07:08:18,2023-11-25 07:11:57
11773099,NULL,1,30113,PEMBERLY BUCKLES,19.99,LUG,DUFFLE,NULL,NULL,CARRY,NULL,1068,7.06357899377974E+018,AF,LUG,WHL,SOF,LUGWHLSOF,1,2023-11-25 07:08:18,2023-11-25 07:11:57
11773098,NULL,1,30069,PEMBERLY BUCKLES,14.5,LUG,SATCHEL,NULL,NULL,CARRY,NULL,1068,7.06357899120444E+018,AF,LUG,WHL,SOF,LUGWHLSOF,1,2023-11-25 07:08:18,2023-11-25 07:11:57
11773097,NULL,1,",",PEMBERLY BUCKLES,110.49,",",",",NULL,NULL,28,NULL,1068,7.06357898826843E+018,",",",",",",",",",",1,2023-11-25 07:08:18,2023-11-25 07:11:57
11773096,NULL,1,30090,PEMBERLY BUCKLES,92.49,",",UPRIGHT,NULL,NULL,"24"",NULL,NULL,NULL,NULL,NULL,1068,7063578981993746428,",",",2023-11-25 07:11:57,,,,,,,,,
11773095,NULL,1,",",PEMBERLY BUCKLES,73.88,",",",",NULL,NULL,20,NULL,1068,7.0635594163625E+018,",",",",",",",",",",1,2023-11-25 07:08:18,2023-11-25 07:11:57
11773100,NULL,1,30199,SET PEMBERLY BUCKLES,280.22,LUG,NULL,NULL,NULL,NULL,NULL,1068,7.0635895903197E+018,AF,LUG,SET,XXX,LUGSETXXX,1,2023-11-25 07:08:18,2023-11-25 07:11:57
11773039,NULL,1,31,DYNAMO CAP,99.99,CHD,NULL,NULL,NULL,NULL,NULL,1068,-5.11574577835992E+018,COL,CHD,FTW,CAS,CHDFTWCAS,1,2023-11-25 07:08:18,2023-11-25 07:11:57
11923904,NULL,1,728815424230,SIMPLIFY PEARL BONE,199,SHOES W   MOC HL    MOCCASIN,9.5,NULL,NULL,S,NULL,1068,23322093575422,NULL,NULL,NULL,NULL,NULL,NULL,2023-11-25 07:08:18,2023-11-25 07:11:57
11773062,NULL,1,10054,BELTED HIPSTER SWIM BOTTOMS,19.99,WOMEN'S,BROWN,NULL,NULL,M,NULL,1068,7.04915576786774E+018,RAN,WOM,CLO,SWM,WOMCLOSWM,1,2023-11-25 07:08:18,2023-11-25 07:11:57
11773006,NULL,1,98755,BATH SALTS 1,10,ACC,NULL,NULL,NULL,NULL,NULL,1068,-7.68771868825963E+018,ACM,ACC,BAT,XXX,ACCBATXXX,1,2023-11-25 07:08:18,2025-01-08 08:09:28
11773034,NULL,1,224666,JEANS,59.95,MEN,BLK,NULL,NULL,38,NULL,1068,-6.90796884314036E+018,TBH,MEN,SHO,BOT,MENSHOBOT,1,2023-11-25 07:08:18,2023-11-25 07:11:57
11773109,NULL,1,",",XENON SUITCASE TROLLEY,879.83,",",",",NULL,NULL,29,NULL,1068,7.06370294385994E+018,",",",",",",",",",",1,2023-11-25 07:08:18,2023-11-25 07:11:57
11768729,NULL,1,NULL,Radiant Tee-S-Orange,22,NULL,Top,Radiant Tee-S-Orange,"Default Category-Women-Tops-Tees,Default Category-Promotions-Tees,Default Category-Collections-Performance Fabrics,Default Category",NULL,NULL,1068,WS12-S-Orange,NULL,NULL,NULL,NULL,NULL,NULL,2023-11-25 07:08:18,2023-11-25 07:11:57
11767334,NULL,99,NULL,Hero Hoodie-M-Gray,54,NULL,Top,Hero Hoodie-M-Gray,Default Category-Men-Tops-Hoodies & Sweatshirts,NULL,NULL,1068,MH07-M-Gray,NULL,NULL,NULL,NULL,NULL,NULL,2023-11-25 07:08:18,2023-11-25 07:11:57
11773046,NULL,1,10191,SLACKS-PLEATED,48,MEN,KHAKI,NULL,NULL,32X34,NULL,1068,7.03850928613983E+018,LEVI,MEN,CLO,CAS,MENCLOCAS,1,2023-11-25 07:08:18,2023-11-25 07:11:57
11773108,NULL,1,30144,XENON SUITCASE TROLLEY,650.49,LUG,SILVER,NULL,NULL,"26"",NULL,NULL,NULL,NULL,NULL,1068,7063702942308044796,",",",2023-11-25 07:11:57,,,,,,,,,
11773122,NULL,1,50036,T-MAC 6,147.4,MEN,BLK/RED,NULL,NULL,8,NULL,1068,7.15609058632054E+018,ADD,MEN,SHO,BSK,MENSHOBSK,1,2023-11-25 07:08:18,2023-11-25 07:11:57
11773124,NULL,1,50241,T-MAC 6,147.4,MEN,WHT/BLK,NULL,NULL,13.5,NULL,1068,7.1560906578502E+018,ADD,MEN,SHO,BSK,MENSHOBSK,1,2023-11-25 07:08:18,2023-11-25 07:11:57
11773123,NULL,1,50258,T-MAC 6,147.4,MEN,WHT/RED,NULL,NULL,13,NULL,1068,7.15609065761532E+018,ADD,MEN,SHO,BSK,MENSHOBSK,1,2023-11-25 07:08:18,2023-11-25 07:11:57
11773045,NULL,1,10016,SLACKS-PLEATED,48,MEN,KHAKI,NULL,NULL,32X32,NULL,1068,7.03850926632593E+018,LEVI,MEN,CLO,CAS,MENCLOCAS,1,2023-11-25 07:08:18,2024-05-23 03:45:51
11767331,NULL,1,NULL,Hero Hoodie-S-Gray,54,NULL,Top,Hero Hoodie-S-Gray,Default Category-Men-Tops-Hoodies & Sweatshirts,NULL,NULL,1068,MH07-S-Gray,NULL,NULL,NULL,NULL,NULL,NULL,2023-11-25 07:08:18,2023-11-25 07:11:57
11773035,NULL,1,55550,ASHE HOME JERSEY,89.95,MEN,NULL,NULL,NULL,MED,NULL,1068,-5.11596950688058E+018,ADD,MEN,JER,XXX,MENJERXXX,1,2023-11-25 07:08:18,2024-05-23 03:45:52
11773116,NULL,1,30045,METRO SACKPACK,10.7,BPK,PETALPNK,NULL,NULL,LG,NULL,1068,7.06385376486615E+018,ADI,BPK,WOM,XXX,BPKWOMXXX,1,2023-11-25 07:08:18,2023-11-25 07:11:57
11767875,NULL,1,NULL,Argus All-Weather Tank-M-Gray,22,NULL,Top,Argus All-Weather Tank-M-Gray,"Default Category-Men-Tops-Tanks,Default Category-Collections-Eco Friendly,Default Category",NULL,NULL,1068,MT07-M-Gray,NULL,NULL,NULL,NULL,NULL,NULL,2023-11-25 07:08:18,2023-11-25 07:11:57
11767874,NULL,1,NULL,Argus All-Weather Tank-S-Gray,22,NULL,Top,Argus All-Weather Tank-S-Gray,"Default Category-Men-Tops-Tanks,Default Category-Collections-Eco Friendly,Default Category",NULL,NULL,1068,MT07-S-Gray,NULL,NULL,NULL,NULL,NULL,NULL,2023-11-25 07:08:18,2023-11-25 07:11:57
11768986,NULL,1,NULL,Breathe-Easy Tank-S-Yellow,34,NULL,Top,Breathe-Easy Tank-S-Yellow,"Default Category-Women-Tops-Bras & Tanks,Default Category-Promotions-Women Sale,Default Category-Collections-Erin Recommends,Default Category",NULL,NULL,1068,WT09-S-Yellow,NULL,NULL,NULL,NULL,NULL,NULL,2023-11-25 07:08:18,2023-11-25 07:11:57
11767192,NULL,1,NULL,Push It Messenger Bag,45,NULL,Bag,Push It Messenger Bag,"Default Category-Gear,Default Category-Collections,Default Category-Gear-Bags",NULL,NULL,1068,24-WB04,NULL,NULL,NULL,NULL,NULL,NULL,2023-11-25 07:08:18,2023-11-25 07:11:57
11768728,NULL,1,NULL,Radiant Tee-S-Blue,22,NULL,Top,Radiant Tee-S-Blue,"Default Category-Women-Tops-Tees,Default Category-Promotions-Tees,Default Category-Collections-Performance Fabrics,Default Category",NULL,NULL,1068,WS12-S-Blue,NULL,NULL,NULL,NULL,NULL,NULL,2023-11-25 07:08:18,2023-11-25 07:11:57
11767341,NULL,1,NULL,Hero Hoodie-XL-Green,54,NULL,Top,Hero Hoodie-XL-Green,Default Category-Men-Tops-Hoodies & Sweatshirts,NULL,NULL,1068,MH07-XL-Green,NULL,NULL,NULL,NULL,NULL,NULL,2023-11-25 07:08:18,2023-11-25 07:11:57
11767893,NULL,1,NULL,Tiberius Gym Tank-M-Yellow,18,NULL,Top,Tiberius Gym Tank-M-Yellow,Default Category-Men-Tops-Tanks,NULL,NULL,1068,MT10-M-Yellow,NULL,NULL,NULL,NULL,NULL,NULL,2023-11-25 07:08:18,2023-11-25 07:11:57
11767591,NULL,1,NULL,Montana Wind Jacket-M-Red,49,NULL,Top,Montana Wind Jacket-M-Red,Default Category-Men-Tops-Jackets,NULL,NULL,1068,MJ03-M-Red,NULL,NULL,NULL,NULL,NULL,NULL,2023-11-25 07:08:18,2023-11-25 07:11:57
11767587,NULL,1,NULL,Montana Wind Jacket-S-Green,49,NULL,Top,Montana Wind Jacket-S-Green,Default Category-Men-Tops-Jackets,NULL,NULL,1068,MJ03-S-Green,NULL,NULL,NULL,NULL,NULL,NULL,2023-11-25 07:08:18,2023-11-25 07:11:57
11773002,NULL,1,9997,BATH BUBBLES 1,10,ACC,NULL,NULL,NULL,NULL,NULL,1068,-7.68773850668997E+018,ACM,ACC,BAT,XXX,ACCBATXXX,1,2023-11-25 07:08:18,2025-01-08 07:55:28
11768736,NULL,1,NULL,Radiant Tee-L-Purple,22,NULL,Top,Radiant Tee-L-Purple,"Default Category-Women-Tops-Tees,Default Category-Promotions-Tees,Default Category-Collections-Performance Fabrics,Default Category",NULL,NULL,1068,WS12-L-Purple,NULL,NULL,NULL,NULL,NULL,NULL,2023-11-25 07:08:18,2023-11-25 07:11:57
11768730,NULL,1,NULL,Radiant Tee-S-Purple,22,NULL,Top,Radiant Tee-S-Purple,"Default Category-Women-Tops-Tees,Default Category-Promotions-Tees,Default Category-Collections-Performance Fabrics,Default Category",NULL,NULL,1068,WS12-S-Purple,NULL,NULL,NULL,NULL,NULL,NULL,2023-11-25 07:08:18,2023-11-25 07:11:57
11768732,NULL,1,NULL,Radiant Tee-M-Orange,22,NULL,Top,Radiant Tee-M-Orange,"Default Category-Women-Tops-Tees,Default Category-Promotions-Tees,Default Category-Collections-Performance Fabrics,Default Category",NULL,NULL,1068,WS12-M-Orange,NULL,NULL,NULL,NULL,NULL,NULL,2023-11-25 07:08:18,2023-11-25 07:11:57
11767413,NULL,1,NULL,Ajax Full-Zip Sweatshirt -M-Blue,69,NULL,Top,Ajax Full-Zip Sweatshirt -M-Blue,Default Category-Men-Tops-Hoodies & Sweatshirts,NULL,NULL,1068,MH12-M-Blue,NULL,NULL,NULL,NULL,NULL,NULL,2023-11-25 07:08:18,2023-11-25 07:11:57
11767765,NULL,1,NULL,Logan  HeatTec&reg; Tee-M-Black,24,NULL,Top,Logan  HeatTec&reg; Tee-M-Black,Default Category-Men-Tops-Tees,NULL,NULL,1068,MS10-M-Black,NULL,NULL,NULL,NULL,NULL,NULL,2023-11-25 07:08:18,2023-11-25 07:11:57
11767198,NULL,1,NULL,Quest Lumaflex&trade; Band,19,NULL,Gear,Quest Lumaflex&trade; Band,"Default Category-Gear,Default Category-Gear-Fitness Equipment",NULL,NULL,1068,24-UG01,NULL,NULL,NULL,NULL,NULL,NULL,2023-11-25 07:08:18,2023-11-25 07:11:57
11767429,NULL,1,NULL,Marco Lightweight Active Hoodie-M-Blue,74,NULL,Top,Marco Lightweight Active Hoodie-M-Blue,Default Category-Men-Tops-Hoodies & Sweatshirts,NULL,NULL,1068,MH13-M-Blue,NULL,NULL,NULL,NULL,NULL,NULL,2023-11-25 07:08:18,2023-11-25 07:11:57
11767218,NULL,1,NULL,Dash Digital Watch,92,NULL,Gear,Dash Digital Watch,"Default Category-Gear,Default Category-Collections,Default Category-Gear-Watches,Default Category-Collections-New Luma Yoga Collection",NULL,NULL,1068,24-MG02,NULL,NULL,NULL,NULL,NULL,NULL,2023-11-25 07:08:18,2023-11-25 07:11:57
11767222,NULL,1,NULL,Didi Sport Watch,92,NULL,Gear,Didi Sport Watch,"Default Category-Gear,Default Category-Collections,Default Category-Gear-Watches,Default Category-Collections-New Luma Yoga Collection",NULL,NULL,1068,24-WG02,NULL,NULL,NULL,NULL,NULL,NULL,2023-11-25 07:08:18,2023-11-25 07:11:57
11767586,NULL,1,NULL,Montana Wind Jacket-S-Black,49,NULL,Top,Montana Wind Jacket-S-Black,Default Category-Men-Tops-Jackets,NULL,NULL,1068,MJ03-S-Black,NULL,NULL,NULL,NULL,NULL,NULL,2023-11-25 07:08:18,2023-11-25 07:11:57
11767573,NULL,1,NULL,Jupiter All-Weather Trainer -M-Blue,56.99,NULL,Top,Jupiter All-Weather Trainer -M-Blue,"Default Category-Men-Tops-Jackets,Default Category-Collections-Eco Friendly,Default Category",NULL,NULL,1068,MJ06-M-Blue,NULL,NULL,NULL,NULL,NULL,NULL,2023-11-25 07:08:18,2023-11-25 07:11:57
11773004,NULL,1,9874,BATH BUBBLES 3,10,ACC,NULL,NULL,NULL,NULL,NULL,1068,-7.68772005828709E+018,ACM,ACC,BAT,XXX,ACCBATXXX,1,2023-11-25 07:08:18,2023-11-25 07:11:57
11773011,NULL,1,6453,WATCH - BLACK,100,ACC,NULL,NULL,NULL,NULL,NULL,1068,-7.68769985291544E+018,KEN,ACC,ELE,XXX,ACCELEXXX,1,2023-11-25 07:08:18,2023-11-25 07:11:57
11773093,NULL,1,20176,METRO SACKPACK,23.96,BPK,PETALPNK,NULL,NULL,SM,NULL,1068,7.06044043848418E+018,ADI,BPK,WOM,XXX,BPKWOMXXX,1,2023-11-25 07:08:18,2023-11-25 07:11:57
11773012,NULL,1,43200002320,WATCH - WHITE,100,ACC,NULL,NULL,NULL,NULL,NULL,1068,-7.68769598251237E+018,KEN,ACC,ELE,XXX,ACCELEXXX,1,2023-11-25 07:08:18,2023-11-25 07:11:57
11773121,NULL,1,50234,T-MAC 6,147.4,MEN,BLK/RED,NULL,NULL,12,NULL,1068,7.15604830617594E+018,ADD,MEN,SHO,BSK,MENSHOBSK,1,2023-11-25 07:08:18,2023-11-25 07:11:57
11768569,NULL,99,NULL,Olivia 1-4 Zip Light Jacket-S-Blue,77,NULL,Top,Olivia 1/4 Zip Light Jacket-S-Blue,"Default Category-Women-Tops-Jackets,Default Category-Promotions-Women Sale,Default Category-Collections-Performance Fabrics,Default Category",NULL,NULL,1068,WJ12-S-Blue,NULL,NULL,NULL,NULL,NULL,NULL,2023-11-25 07:08:18,2023-11-25 07:11:57
11773110,NULL,1,30120,VALAROSO GARMENT BAG,80,LUG,BLACK,NULL,NULL,NULL,NULL,1068,7.06377421236621E+018,AND,LUG,CRY,SOF,LUGCRYSOF,1,2023-11-25 07:08:18,2023-11-25 07:11:57
11773111,NULL,1,30052,VALAROSO GARMENT BAG,80,LUG,CHARCOAL,NULL,NULL,NULL,NULL,1068,7.06378797077385E+018,AND,LUG,CRY,SOF,LUGCRYSOF,1,2023-11-25 07:08:18,2023-11-25 07:11:57
11773036,NULL,1,66662,SLOUCH ADJUSTABLE CAP,17.99,MEN,NULL,NULL,NULL,NULL,NULL,1068,-5.11593518947952E+018,ADD,MEN,JER,XXX,MENJERXXX,1,2023-11-25 07:08:18,2023-11-25 07:11:57
11773008,NULL,1,9850,BATH SPONGE 1,10,ACC,NULL,NULL,NULL,NULL,NULL,1068,-7.68771695730393E+018,ACM,ACC,BAT,XXX,ACCBATXXX,1,2023-11-25 07:08:18,2024-05-23 09:47:00
11773092,NULL,1,20275,SOF SOLE,10.8,WOM,CLEAR,NULL,NULL,NULL,NULL,1068,7.06043443417862E+018,APA,WOM,ACC,INS,WOMACCINS,1,2023-11-25 07:08:18,2023-11-25 07:11:57
11773086,NULL,1,20091,SILVER WEAR,74.99,WOM,COBALT,NULL,NULL,9,NULL,1068,7.06041433191973E+018,CON,WOM,FTW,DRS,WOMFTWDRS,1,2023-11-25 07:08:18,2023-11-25 07:11:57
11773089,NULL,1,20107,TENACITY II,126.64,WOM,BLACK,NULL,NULL,8,NULL,1068,7.06042253114652E+018,COL,WOM,FTW,HIK,WOMFTWHIK,1,2023-11-25 07:08:18,2023-11-25 07:11:57
11773037,NULL,1,77774,IPHONE 4 CASE,17.99,MEN,NULL,NULL,NULL,NULL,NULL,1068,-5.11592934915447E+018,ADD,MEN,JER,XXX,MENJERXXX,1,2023-11-25 07:08:18,2023-11-25 07:11:57
11773139,NULL,1,50296,PAROLE SUNGLASSES,110,ACC,GRAY,NULL,NULL,NULL,NULL,1068,7.16009329323036E+018,BOL,ACC,SUN,XXX,ACCSUNXXX,1,2023-11-25 07:08:18,2023-11-25 07:11:57
11773088,NULL,1,20145,TENACITY II,126.64,WOM,TOBACCO,NULL,NULL,7,NULL,1068,7.06042251049377E+018,COL,WOM,FTW,HIK,WOMFTWHIK,1,2023-11-25 07:08:18,2023-11-25 07:11:57
11773005,NULL,1,98762,BATH BUBBLES 4,10,ACC,NULL,NULL,NULL,NULL,NULL,1068,-7.68771933471093E+018,ACM,ACC,BAT,XXX,ACCBATXXX,1,2023-11-25 07:08:18,2023-11-25 07:11:57
11773061,NULL,1,10290,BELTED HIPSTER SWIM BOTTOMS,19.99,WOMEN'S,BROWN,NULL,NULL,S,NULL,1068,7.04915575388393E+018,RAN,WOM,CLO,SWM,WOMCLOSWM,1,2023-11-25 07:08:18,2024-07-10 03:01:39
11767610,NULL,1,NULL,Proteus Fitness Jackshirt-L-Orange,45,NULL,Top,Proteus Fitness Jackshirt-L-Orange,Default Category-Men-Tops-Jackets,NULL,NULL,1068,MJ12-L-Orange,NULL,NULL,NULL,NULL,NULL,NULL,2023-11-25 07:08:18,2023-11-25 07:11:57
11768286,NULL,1,NULL,Selene Yoga Hoodie-L-Orange,42,NULL,Top,Selene Yoga Hoodie-L-Orange,Default Category-Women-Tops-Hoodies & Sweatshirts,NULL,NULL,1068,WH05-L-Orange,NULL,NULL,NULL,NULL,NULL,NULL,2023-11-25 07:08:18,2023-11-25 07:11:57
11769072,NULL,1,NULL,Sylvia Capri-29-Red,33.6,NULL,Bottom,Sylvia Capri-29-Red,"Default Category-Women-Bottoms-Pants,Default Category-Promotions-Pants,Default Category",NULL,NULL,1068,WP11-29-Red,NULL,NULL,NULL,NULL,NULL,NULL,2023-11-25 07:08:18,2023-11-25 07:11:57
11767191,NULL,1,NULL,Overnight Duffle,45,NULL,Bag,Overnight Duffle,"Default Category-Gear,Default Category-Collections,Default Category-Gear-Bags,Default Category-Collections-New Luma Yoga Collection",NULL,NULL,1068,24-WB07,NULL,NULL,NULL,NULL,NULL,NULL,2023-11-25 07:08:18,2023-11-25 07:11:57
11767220,NULL,1,NULL,Bolo Sport Watch,49,NULL,Gear,Bolo Sport Watch,"Default Category-Gear,Default Category-Gear-Watches",NULL,NULL,1068,24-WG01,NULL,NULL,NULL,NULL,NULL,NULL,2023-11-25 07:08:18,2023-11-25 07:11:57
11767798,NULL,1,NULL,Strike Endurance Tee-M-Blue,39,NULL,Top,Strike Endurance Tee-M-Blue,Default Category-Men-Tops-Tees,NULL,NULL,1068,MS08-M-Blue,NULL,NULL,NULL,NULL,NULL,NULL,2023-11-25 07:08:18,2023-11-25 07:11:57
11767204,NULL,1,NULL,Sprite Stasis Ball 55 cm,23,NULL,Sprite Stasis Ball,Sprite Stasis Ball 55 cm,"Default Category-Gear,Default Category-Gear-Fitness Equipment",NULL,NULL,1068,24-WG081-blue,NULL,NULL,NULL,NULL,NULL,NULL,2023-11-25 07:08:18,2023-11-25 07:11:57
11767199,NULL,1,NULL,Sprite Foam Yoga Brick,5,NULL,Gear,Sprite Foam Yoga Brick,"Default Category-Gear,Default Category-Gear-Fitness Equipment",NULL,NULL,1068,24-WG084,NULL,NULL,NULL,NULL,NULL,NULL,2023-11-25 07:08:18,2023-11-25 07:11:57
11767211,NULL,1,NULL,Sprite Yoga Strap 6 foot,14,NULL,Sprite Yoga Strap,Sprite Yoga Strap 6 foot,"Default Category-Gear,Default Category-Gear-Fitness Equipment",NULL,NULL,1068,24-WG085,NULL,NULL,NULL,NULL,NULL,NULL,2023-11-25 07:08:18,2023-11-25 07:11:57
11767200,NULL,1,NULL,Sprite Foam Roller,19,NULL,Gear,Sprite Foam Roller,"Default Category-Gear,Default Category-Gear-Fitness Equipment",NULL,NULL,1068,24-WG088,NULL,NULL,NULL,NULL,NULL,NULL,2023-11-25 07:08:18,2023-11-25 07:11:57
11769085,NULL,1,NULL,Portia Capri-29-Green,39.2,NULL,Bottom,Portia Capri-29-Green,"Default Category-Women-Bottoms-Pants,Default Category-Promotions-Pants,Default Category-Collections-Erin Recommends,Default Category",NULL,NULL,1068,WP13-29-Green,NULL,NULL,NULL,NULL,NULL,NULL,2023-11-25 07:08:18,2023-11-25 07:11:57
11773066,NULL,1,10092,SATEEN BLAZER,39.99,WOM,WHITE,NULL,NULL,8,NULL,1068,7.04919015857685E+018,MIZ,WOM,CLO,DRS,WOMCLODRS,1,2023-11-25 07:08:18,2024-02-29 00:31:11
11767606,NULL,1,NULL,Proteus Fitness Jackshirt-M-Blue,45,NULL,Top,Proteus Fitness Jackshirt-M-Blue,Default Category-Men-Tops-Jackets,NULL,NULL,1068,MJ12-M-Blue,NULL,NULL,NULL,NULL,NULL,NULL,2023-11-25 07:08:18,2023-11-25 07:11:57
11767194,NULL,1,NULL,Dual Handle Cardio Ball,12,NULL,Gear,Dual Handle Cardio Ball,"Default Category-Gear,Default Category-Collections,Default Category-Gear-Fitness Equipment",NULL,NULL,1068,24-UG07,NULL,NULL,NULL,NULL,NULL,NULL,2023-11-25 07:08:18,2023-11-25 07:11:57
11767602,NULL,1,NULL,Proteus Fitness Jackshirt-S-Black,45,NULL,Top,Proteus Fitness Jackshirt-S-Black,Default Category-Men-Tops-Jackets,NULL,NULL,1068,MJ12-S-Black,NULL,NULL,NULL,NULL,NULL,NULL,2023-11-25 07:08:18,2023-11-25 07:11:57
11767190,NULL,1,NULL,Driven Backpack,36,NULL,Bag,Driven Backpack,"Default Category-Gear,Default Category-Gear-Bags",NULL,NULL,1068,24-WB03,NULL,NULL,NULL,NULL,NULL,NULL,2023-11-25 07:08:18,2023-11-25 07:11:57
12184877,NULL,1,NULL,39757318-transparent-china,1.72,NULL,NULL,NULL,NULL,NULL,NULL,1068,39757318-transparent-china,NULL,NULL,NULL,NULL,NULL,NULL,2023-11-25 07:08:18,2023-11-25 07:11:57
12184878,NULL,1,NULL,35692579-style-28-1-pair,200.72,NULL,NULL,NULL,NULL,NULL,NULL,1068,35692579-style-28-1-pair,NULL,NULL,NULL,NULL,NULL,NULL,2023-11-25 07:08:18,2023-11-25 07:11:57
12184880,NULL,1,NULL,30703423-9ft,1.7,NULL,NULL,NULL,NULL,NULL,NULL,1068,30703423-9ft,NULL,NULL,NULL,NULL,NULL,NULL,2023-11-25 07:08:18,2023-11-25 07:11:57
12184849,NULL,1,NULL,1pcs High Quality Hanger For Heated Towel Radiator Rail Bath Hook Holder Clothes Hanger Percha Plegable Scarf Hanger Transparent / China,1.72,NULL,1pcs-high-quality-hanger-for-heated-towel-radiator-rail-bath-hook-holder-clothes-hanger-percha-plegable-scarf-hanger,NULL,NULL,NULL,NULL,1068,36845890699425,loyalty-app-dev,NULL,NULL,NULL,NULL,NULL,2023-11-25 07:08:18,2024-09-16 01:29:36
12184879,NULL,1,NULL,#9FT Large Icing Piping Nozzles Russian Nozzles Pastry Tips Cookies Cake Decorating Tools Tips Cream Fondant Pastry Nozzles Default Title,1.7,NULL,9ft-large-icing-piping-nozzles-russian-nozzles-pastry-tips-cookies-cake-decorating-tools-tips-cream-fondant-pastry-nozzles,NULL,NULL,NULL,NULL,1068,36845853835425,loyalty-app-dev,Cloths,NULL,NULL,NULL,NULL,2023-11-25 07:08:18,2024-09-16 01:29:16
12184842,NULL,1,NULL,1 pair Punk Black Multiple Styles Stainless/Titanium Steel Stud Earrings For Men and Women Gothic Street Pop Hip Hop Ear Jewelry Style 28 / 1 Pair,200.72,NULL,1-pair-punk-black-multiple-styles-stainless-titanium-steel-stud-earrings-for-men-and-women-gothic-street-pop-hip-hop-ear-jewelry,NULL,NULL,NULL,NULL,1068,36845778206881,loyalty-app-dev,Cloths,NULL,NULL,NULL,NULL,2023-11-25 07:08:18,2024-09-16 01:28:48
12184884,NULL,1,NULL,10PCS Strong Transparent Suction Cup Sucker Wall Hooks Hanger for Kitchen Bathroom 6*6cm Wall Hooks 20pcs / China,7.1,NULL,10pcs-strong-transparent-suction-cup-sucker-wall-hooks-hanger-for-kitchen-bathroom-6-6cm-wall-hooks,NULL,NULL,NULL,NULL,1068,36845890502817,loyalty-app-dev,NULL,NULL,NULL,NULL,NULL,2023-11-25 07:08:18,2024-09-16 01:29:36
12184886,NULL,1,NULL,10/5Pcs 6x6cm Transparent Strong Self Adhesive Door Wall Hangers Hooks Suction Heavy Load Rack Cup Sucker for Kitchen Bathroom 5Pcs A,200.7,NULL,10-5pcs-6x6cm-transparent-strong-self-adhesive-door-wall-hangers-hooks-suction-heavy-load-rack-cup-sucker-for-kitchen-bathroom,NULL,NULL,NULL,NULL,1068,36845895516321,loyalty-app-dev,Cloths,NULL,NULL,NULL,NULL,2023-11-25 07:08:18,2024-09-16 01:29:39
12184899,NULL,1,NULL,100pcs Disposable Pastry Bags S/M/L Size Confectionery Bags For Cake Fondant Decorating Kitchen Baking Piping Bag Tools China / M 50pcs,5.96,NULL,100pcs-disposable-pastry-bags-s-m-l-size-confectionery-bags-for-cake-fondant-decorating-kitchen-baking-piping-bag-tools,NULL,NULL,NULL,NULL,1068,36845853540513,loyalty-app-dev,NULL,NULL,NULL,NULL,NULL,2023-11-25 07:08:18,2024-09-16 01:29:16
12184936,NULL,1,NULL,1Pcs Laundry Basket Cartoon Sorting Basket Folding Clothes Storage Basket Children Kids Toys Storage Organizer Home Storage Random Color -1Pc,9.52,NULL,1pcs-laundry-basket-cartoon-sorting-basket-folding-clothes-storage-basket-children-kids-toys-storage-organizer-home-storage,NULL,NULL,NULL,NULL,1068,36845838074017,loyalty-app-dev,NULL,NULL,NULL,NULL,NULL,2023-11-25 07:08:18,2024-09-16 01:29:09
12184942,NULL,1,NULL,10pcs Cute Plastic Kids Rings Girls with Mixed Korean Style Resin Alloy Child Cartoon Rings Children's Day Jewelry Without Box Box,1.74,NULL,10pcs-cute-plastic-kids-rings-girls-with-mixed-korean-style-resin-alloy-child-cartoon-rings-childrens-day-jewelry-without-box,NULL,NULL,NULL,NULL,1068,36845733609633,loyalty-app-dev,NULL,NULL,NULL,NULL,NULL,2023-11-25 07:08:18,2024-09-16 01:28:28
12184958,NULL,1,NULL,2020 New Arrival Classic Round Pink Green Crystal Stud Earrings for women Sweet Flower Cirlce Jewelry Fashion Brincos Gift green,7.76,NULL,2020-new-arrival-classic-round-pink-green-crystal-stud-earrings-for-women-sweet-flower-cirlce-jewelry-fashion-brincos-gift,NULL,NULL,NULL,NULL,1068,36845722632353,loyalty-app-dev,Home page,NULL,NULL,NULL,NULL,2023-11-25 07:08:18,2024-09-16 01:28:21
12184960,NULL,1,NULL,1Piece Piercing Stud Love Heart Earrings for Women 2020 Fashion Jewelry Women Moon Star Earring ear cuff Christmas Gift 1Piece Gold / 1Piece 14,5.62,NULL,1piece-piercing-stud-love-heart-earrings-for-women-2020-fashion-jewelry-women-moon-star-earring-ear-cuff-christmas-gift,NULL,NULL,NULL,NULL,1068,36845729972385,loyalty-app-dev,NULL,NULL,NULL,NULL,NULL,2023-11-25 07:08:18,2024-09-16 01:28:26
12185002,NULL,1,NULL,Women Solid Color Oversize Hoodie 2020 Harajuku Plus Velvet Winter Basic Sweatshirt Casual Long Sleeve Thicken Hooded Tops Hoody 5XL / Gray,19.76,NULL,women-solid-color-oversize-hoodie-2020-harajuku-plus-velvet-winter-basic-sweatshirt-casual-long-sleeve-thicken-hooded-tops-hoody,NULL,NULL,NULL,NULL,1068,36845808255137,loyalty-app-dev,NULL,NULL,NULL,NULL,NULL,2023-11-25 07:08:18,2024-09-16 01:29:02
12184996,NULL,1,NULL,"360 Sets T5 Plastic Snap Button with Snaps Pliers Tool Kit & Organizer Containers,Easy Replacing Snaps,DIY Family Tailor set",21.94,NULL,360-sets-t5-plastic-snap-button-with-snaps-pliers-tool-kit-organizer-containers-easy-replacing-snaps-diy-family-tailor,NULL,NULL,NULL,NULL,1068,36845893681313,loyalty-app-dev,NULL,NULL,NULL,NULL,NULL,2023-11-25 07:08:18,2024-09-16 01:29:38
12185001,NULL,1,NULL,1Pcs Fashion Alloy Classic Pendant Necklace Murakami Sun Flower Sunflower Colorful Petals Smiley Can Be Rotated Dropshipping Default Title,3.96,NULL,1pcs-fashion-alloy-classic-pendant-necklace-murakami-sun-flower-sunflower-colorful-petals-smiley-can-be-rotated-dropshipping,NULL,NULL,NULL,NULL,1068,36845728465057,loyalty-app-dev,NULL,NULL,NULL,NULL,NULL,2023-11-25 07:08:18,2024-09-16 01:28:24
12187299,NULL,1,NULL,12 pairs/set Crystal Simulated Pearl Earrings Set Women Jewelry Accessories Piercing Ball Stud Earring kit Bijouteria brincos 1,2.1,NULL,12-pairs-set-crystal-simulated-pearl-earrings-set-women-jewelry-accessories-piercing-ball-stud-earring-kit-bijouteria-brincos,NULL,NULL,NULL,NULL,1068,36845780107425,loyalty-app-dev,NULL,NULL,NULL,NULL,NULL,2023-11-25 07:08:18,2024-09-16 01:28:48
12187305,NULL,1,NULL,1pc Diy Freestanding Wood Wooden Letters White Alphabet Wedding Birthday Party Home Decorations Personalised Name Design QQLIFE Y,1.78,NULL,1pc-diy-freestanding-wood-wooden-letters-white-alphabet-wedding-birthday-party-home-decorations-personalised-name-design-qqlife,NULL,NULL,NULL,NULL,1068,36845839253665,loyalty-app-dev,NULL,NULL,NULL,NULL,NULL,2023-11-25 07:08:18,2024-09-16 01:29:10
15051234,NULL,1,NULL,6 Hooks Towel Rack Suction Cup Bathroom Kitchen Wall Door Holder Sucker Hanger White,1.04,NULL,6-hooks-towel-rack-suction-cup-bathroom-kitchen-wall-door-holder-sucker-hanger,NULL,NULL,NULL,NULL,1068,36845845938337,loyalty-app-dev,NULL,NULL,NULL,NULL,NULL,2023-11-25 07:08:18,2024-09-16 01:29:13
15051214,NULL,1,NULL,1PC Man Women Barbell Punk Gothic Stainless Steel Ear Studs Earrings Black Siver Diameter 10mm / White,3.26,NULL,1pc-man-women-barbell-punk-gothic-stainless-steel-ear-studs-earrings-black-siver,NULL,NULL,NULL,NULL,1068,36845733118113,loyalty-app-dev,NULL,NULL,NULL,NULL,NULL,2023-11-25 07:08:18,2024-09-16 01:28:27
11768553,NULL,1,NULL,Juno Jacket-S-Green,77,NULL,Top,Juno Jacket-S-Green,"Default Category-Women-Tops-Jackets,Default Category-Promotions-Women Sale,Default Category-Collections-Performance Fabrics,Default Category",NULL,NULL,1068,WJ06-S-Green,NULL,NULL,NULL,NULL,NULL,NULL,2023-11-25 07:08:18,2023-11-25 07:11:57
11768042,NULL,1,NULL,Aether Gym Pant -33-Blue,74,NULL,Bottom,Aether Gym Pant -33-Blue,"Default Category-Men-Bottoms-Pants,Default Category-Promotions-Pants,Default Category-Collections-Erin Recommends,Default Category",NULL,NULL,1068,MP11-33-Blue,NULL,NULL,NULL,NULL,NULL,NULL,2023-11-25 07:08:18,2023-11-25 07:11:57
11767366,NULL,1,NULL,Abominable Hoodie-M-Green,69,NULL,Top,Abominable Hoodie-M-Green,Default Category-Men-Tops-Hoodies & Sweatshirts,NULL,NULL,1068,MH09-M-Green,NULL,NULL,NULL,NULL,NULL,NULL,2023-11-25 07:08:18,2023-11-25 07:11:57
15062386,NULL,1,NULL,OptCulture GC $100.00,100,Gift Card,optculture-gc,NULL,NULL,NULL,NULL,1068,40408111513761,NULL,Home page,Gift cards,NULL,NULL,NULL,2023-11-25 07:08:18,2023-11-25 07:11:57
15064435,NULL,1,55,Hot Dog,4.99,NULL,NULL,NULL,NULL,L,NULL,1068,6.07565100000189E+017,NULL,NULL,NULL,NULL,NULL,1,2023-11-25 07:08:18,2023-11-25 07:11:57
15064436,NULL,1,24,Hamburger,9.99,NULL,NULL,NULL,NULL,M,NULL,1068,6.07564939000156E+017,NULL,NULL,NULL,NULL,NULL,1,2023-11-25 07:08:18,2023-11-25 07:11:57
15064437,NULL,1,48,Lasagne,12.99,NULL,NULL,NULL,NULL,L,NULL,1068,6.07565058000107E+017,NULL,NULL,NULL,NULL,NULL,1,2023-11-25 07:08:18,2023-11-25 07:11:57
11773049,NULL,1,10146,SLACKS-PLEATED,48,MEN,BLACK,NULL,NULL,34X32,NULL,1068,7.0385092934463E+018,LEVI,MEN,CLO,CAS,MENCLOCAS,1,2023-11-25 07:08:18,2023-11-25 07:11:57
15064439,NULL,1,109,Filter Change,14.99,NULL,NULL,NULL,NULL,NULL,NULL,1068,6.07960724000111E+017,NULL,NULL,NULL,NULL,NULL,1,2023-11-25 07:08:18,2023-11-25 07:11:57
15064440,NULL,1,116,Filter Change,7.49,NULL,NULL,NULL,NULL,NULL,NULL,1068,6.0796076000013E+017,NULL,NULL,NULL,NULL,NULL,1,2023-11-25 07:08:18,2023-11-25 07:11:57
15064441,NULL,1,123,Filter Change,7.49,NULL,NULL,NULL,NULL,NULL,NULL,1068,6.07960788000179E+017,NULL,NULL,NULL,NULL,NULL,1,2023-11-25 07:08:18,2023-11-25 07:11:57
15064442,NULL,1,130,Tire Rotation,14.99,NULL,NULL,NULL,NULL,NULL,NULL,1068,6.07960828000108E+017,NULL,NULL,NULL,NULL,NULL,1,2023-11-25 07:08:18,2023-11-25 07:11:57
15064443,NULL,1,86,Brake Fluid Service,69.99,NULL,NULL,NULL,NULL,NULL,NULL,1068,6.07960608000129E+017,NULL,NULL,NULL,NULL,NULL,1,2023-11-25 07:08:18,2023-11-25 07:11:57
15064444,NULL,1,62,Oil Change,39.99,NULL,NULL,NULL,NULL,NULL,NULL,1068,6.07960537000188E+017,NULL,NULL,NULL,NULL,NULL,1,2023-11-25 07:08:18,2023-11-25 07:11:57
11773069,NULL,NULL,20114,RARAMURI,94.55,MEN,WALNUT,NULL,NULL,8.5,NULL,1068,7.06034729830994E+018,NIK,MEN,FTW,CAS,MENFTWCAS,1,2023-11-25 07:08:18,2023-11-25 07:11:57
11773073,NULL,NULL,20015,TIER,50.11,MEN,BURNT,NULL,NULL,10.5,NULL,1068,7.06035315172121E+018,SKE,MEN,FTW,CAS,MENFTWCAS,1,2023-11-25 07:08:18,2023-11-25 07:11:57
11773082,NULL,NULL,20022,JORDON,66.65,WOM,BROWN,NULL,NULL,NULL,NULL,1068,7.0604004682854E+018,LIF,WOM,FTW,DRS,WOMFTWDRS,1,2023-11-25 07:08:18,2023-11-25 07:11:57
11773107,NULL,1,30243,XENON SUITCASE TROLLEY,650.49,",",RED,NULL,NULL,"26"",NULL,NULL,NULL,NULL,NULL,1068,7063702941519515644,",",",2024-05-22 09:16:29,,,,,,,,,
11773114,NULL,1,30229,ATTACHE NOTEBOOK - SMALL,747,BRF,GOLD,NULL,NULL,NULL,NULL,1068,7.06384820497227E+018,RIM,BRF,CRY,HRD,BRFCRYHRD,1,2023-11-25 07:08:18,2023-11-25 07:11:57
11773047,NULL,NULL,10207,SLACKS-PLEATED,48,MEN,BLACK,NULL,NULL,32X30,NULL,1068,7.03850928860608E+018,LEVI,MEN,CLO,CAS,MENCLOCAS,1,2023-11-25 07:08:18,2023-11-25 07:11:57
11773068,NULL,NULL,10184,BAMBOO TOTE BAG,56.99,WOM,NATURAL,NULL,NULL,NULL,NULL,1068,7.04921290977359E+018,RAN,WOM,ACC,HBG,WOMACCHBG,1,2023-11-25 07:08:18,2023-11-25 07:11:57
11773044,NULL,NULL,10269,SLACKS-PLEATED,48,MEN,WHITE,NULL,NULL,34X32,NULL,1068,7.0384642748574E+018,LEVI,MEN,CLO,CAS,MENCLOCAS,1,2023-11-25 07:08:18,2023-11-25 07:11:57
11773125,NULL,NULL,50050,INDOOR SOCCER BALL,27.5,EQP,NULL,NULL,NULL,4,NULL,1068,7.15611609952519E+018,CHA,EQP,XXX,SOC,EQPXXXSOC,1,2023-11-25 07:08:18,2023-11-25 07:11:57
11773143,NULL,NULL,50029,WOOD BAT,87.78,EQP,NATURAL,NULL,NULL,NULL,NULL,1068,7.1601557652829E+018,LOU,EQP,XXX,BAS,EQPXXXBAS,1,2023-11-25 07:08:18,2023-11-25 07:11:57
11773079,NULL,NULL,20183,MALIBU,48.69,WOM,WHITE,NULL,NULL,7,NULL,1068,7.06038261648871E+018,BRK,WOM,FTW,CAS,WOMFTWCAS,1,2023-11-25 07:08:18,2023-11-25 07:11:57
11773091,NULL,NULL,20121,TENACITY II,126.64,WOM,BLACK,NULL,NULL,8.5,NULL,1068,7.06042253773158E+018,COL,WOM,FTW,HIK,WOMFTWHIK,1,2023-11-25 07:08:18,2023-11-25 07:11:57
11773085,NULL,NULL,20060,SILVER WEAR,74.99,WOM,BLACK,NULL,NULL,6.5,NULL,1068,7.06041432641681E+018,CON,WOM,FTW,DRS,WOMFTWDRS,1,2023-11-25 07:08:18,2023-11-25 07:11:57
11773080,NULL,NULL,20046,MALIBU,48.69,WOM,WHITE,NULL,NULL,8,NULL,1068,7.06038719286864E+018,BRK,WOM,FTW,CAS,WOMFTWCAS,1,2023-11-25 07:08:18,2023-11-25 07:11:57
11773115,NULL,NULL,30106,WORKOUT BAG,12.49,BPK,NULL,NULL,NULL,NULL,NULL,1068,7.06385123443416E+018,NIK,BPK,MEN,XXX,BPKMENXXX,1,2023-11-25 07:08:18,2023-11-25 07:11:57
11773103,NULL,NULL,",",XENON SUITCASE TROLLEY,879.83,",",",",NULL,NULL,29,NULL,1068,7.06368160577455E+018,",",",",",",",",",",1,2023-11-25 07:08:18,2023-11-25 07:11:57
11773106,NULL,NULL,",",XENON SUITCASE TROLLEY,879.83,",",",",NULL,NULL,29,NULL,1068,7.06370293999279E+018,",",",",",",",",",",1,2023-11-25 07:08:18,2023-11-25 07:11:57
11773112,NULL,NULL,30038,R SERIES LEATHER,495.99,BRF,NULL,NULL,NULL,NULL,NULL,1068,7.06383739416209E+018,MCK,BRF,WHL,SOF,BRFWHLSOF,1,2023-11-25 07:08:18,2023-11-25 07:11:57
11773090,NULL,NULL,20138,TENACITY II,126.64,WOM,TOBACCO,NULL,NULL,9,NULL,1068,7.06042253328561E+018,COL,WOM,FTW,HIK,WOMFTWHIK,1,2023-11-25 07:08:18,2023-11-25 07:11:57
11773074,NULL,1,20039,TRAILMEISTER,113.6375,MEN,KHAKI,NULL,NULL,9.5,NULL,1068,7.06036519582453E+018,COL,MEN,FTW,HIK,MENFTWHIK,1,2023-11-25 07:08:18,2024-05-24 04:06:53
11773083,NULL,NULL,20053,JORDON,66.65,WOM,BROWN,NULL,NULL,10,NULL,1068,7.06040492711576E+018,LIF,WOM,FTW,DRS,WOMFTWDRS,1,2023-11-25 07:08:18,2023-11-25 07:11:57
11773130,NULL,NULL,50111,"NASCAR VOL 3: DRIVERS, RACES",11.87,ACC,NULL,NULL,NULL,NULL,NULL,1068,7.15615607366661E+018,ESPN,ACC,DVD,XXX,ACCDVDXXX,1,2023-11-25 07:08:18,2023-11-25 07:11:57
11773133,NULL,NULL,50227,ESPN DUO PACKAGE,21.99,ACC,NULL,NULL,NULL,NULL,NULL,1068,7.15617759342409E+018,ESPN,ACC,DVD,XXX,ACCDVDXXX,1,2023-11-25 07:08:18,2023-11-25 07:11:57
11773131,NULL,NULL,50166,NASCAR VOL 4: DEFINING MOMENTS,11.87,ACC,NULL,NULL,NULL,NULL,NULL,1068,7.15615816588611E+018,ESPN,ACC,DVD,XXX,ACCDVDXXX,1,2023-11-25 07:08:18,2023-11-25 07:11:57
11773146,NULL,NULL,50203,POWERBAR PROTEIN BAR,3.58,NUT,CHOCOLAT,NULL,NULL,NULL,NULL,1068,7.2049608386889E+018,LOU,NUT,XXX,XXX,NUTXXXXXX,1,2023-11-25 07:08:18,2023-11-25 07:11:57
11773127,NULL,NULL,50180,YEAR IN REVIEW 2006,15.83,ACC,NULL,NULL,NULL,NULL,NULL,1068,7.15614359470624E+018,ESPN,ACC,DVD,XXX,ACCDVDXXX,1,2023-11-25 07:08:18,2023-11-25 07:11:57
11773128,NULL,NULL,50067,NASCAR VOL 1: THE EXPLOSION,11.87,ACC,NULL,NULL,NULL,NULL,NULL,1068,7.15614872782131E+018,ESPN,ACC,DVD,XXX,ACCDVDXXX,1,2023-11-25 07:08:18,2023-11-25 07:11:57
11773059,NULL,1,10115,FASHION SHORT SHORTS,12.99,WOMEN'S,WHITE,NULL,NULL,L,NULL,1068,7.04913915627642E+018,LEVI,WOM,CLO,CAS,WOMCLOCAS,1,2023-11-25 07:08:18,2024-07-10 03:01:39
11773120,NULL,1,20213,AIR JORDAN 8,94.5464,MEN,BLACK,NULL,NULL,10.5,NULL,1068,7.14203623374187E+018,NIK,MEN,FTW,CAS,MENFTWCAS,1,2023-11-25 07:08:18,2024-04-24 12:39:53
11773087,NULL,NULL,20152,SILVER WEAR,74.99,WOM,BLACK,NULL,NULL,9,NULL,1068,7.06041433254888E+018,CON,WOM,FTW,DRS,WOMFTWDRS,1,2023-11-25 07:08:18,2023-11-25 07:11:57
11773101,NULL,1,",",XENON SUITCASE TROLLEY,380.49,",",",",NULL,NULL,24,NULL,1068,7.06368156471231E+018,",",",",",",",",",",1,2023-11-25 07:08:18,2023-11-25 07:11:57
11773135,NULL,1,50098,WNBA OFFICAL GAME BASKETBALL,133.09,EQUIPMENT,NULL,NULL,NULL,NULL,NULL,1068,7.15956645485026E+018,SPA,EQP,XXX,BSK,EQPXXXBSK,1,2023-11-25 07:08:18,2023-11-25 07:11:57
11773105,NULL,NULL,",",XENON SUITCASE TROLLEY,380.49,",",",",NULL,NULL,24,NULL,1068,7.06370293974952E+018,",",",",",",",",",",1,2023-11-25 07:08:18,2023-11-25 07:11:57
11773102,NULL,NULL,",",XENON SUITCASE TROLLEY,650.49,",",",",NULL,NULL,26,NULL,1068,7.06368159952503E+018,",",",",",",",",",",1,2023-11-25 07:08:18,2023-11-25 07:11:57
11773104,NULL,1,",",XENON SUITCASE TROLLEY,380.49,",",",",NULL,NULL,24,NULL,1068,7.06370291902127E+018,",",",",",",",",",",1,2023-11-25 07:08:18,2023-11-25 07:11:57
11773140,NULL,1,50135,PAROLE SUNGLASSES,109.9989,ACC,ROSE,NULL,NULL,NULL,NULL,1068,7.16010451433574E+018,BOL,ACC,SUN,XXX,ACCSUNXXX,1,2023-11-25 07:08:18,2024-05-22 06:17:24
11773134,NULL,NULL,50142,NBA ZI/O EXCEL,47.29,EQP,NULL,NULL,NULL,NULL,NULL,1068,7.15954891561311E+018,SPA,EQP,XXX,BSK,EQPXXXBSK,1,2023-11-25 07:08:18,2023-11-25 07:11:57
11773129,NULL,NULL,50173,"NASCAR VOL 2: DIRT,CARS,SPEED",11.87,ACC,NULL,NULL,NULL,NULL,NULL,1068,7.15615303440683E+018,ESPN,ACC,DVD,XXX,ACCDVDXXX,1,2023-11-25 07:08:18,2023-11-25 07:11:57
11773138,NULL,NULL,50159,AIR REJUVEN8 THONG,43.99,WOM,BLACK,NULL,NULL,8,NULL,1068,7.15985121042701E+018,NIK,WOM,SHO,CAS,WOMSHOCAS,1,2023-11-25 07:08:18,2023-11-25 07:11:57
11773142,NULL,1,50302,TPX PROTECTIVE INNER GLOVES,12.44,EQUIPMENT,RIGHT,NULL,NULL,L,NULL,1068,7.1601413686448E+018,LOU,EQP,XXX,BAS,EQPXXXBAS,1,2023-11-25 07:08:18,2024-07-18 12:58:01
11773060,NULL,1,10245,PRINTED HALTER SWIMTOP,17.99,WOM,NULL,NULL,NULL,S,NULL,1068,7.04914504136308E+018,TBH,WOM,CLO,SWM,WOMCLOSWM,1,2023-11-25 07:08:18,2023-11-25 07:11:57
15202574,NULL,NULL,NULL,LOYALTY REDEEM,0,PET,NULL,NULL,NULL,NULL,NULL,1068,7.04110669388224E+018,NULL,PET,PEO,PLE,PETPEOPLE,1,2023-11-25 07:08:18,2023-11-25 07:11:57
15202575,NULL,NULL,NULL,PROMO REDEMPTION,0,PET,NULL,NULL,NULL,NULL,NULL,1068,7.04111132943275E+018,NULL,PET,PEO,PLE,PETPEOPLE,1,2023-11-25 07:08:18,2023-11-25 07:11:57
11767575,NULL,1,NULL,Jupiter All-Weather Trainer -M-Purple,56.99,NULL,Top,Jupiter All-Weather Trainer -M-Purple,"Default Category-Men-Tops-Jackets,Default Category-Collections-Eco Friendly,Default Category",NULL,NULL,1068,MJ06-M-Purple,NULL,NULL,NULL,NULL,NULL,NULL,2023-11-25 07:08:18,2023-11-25 07:11:57
11768403,NULL,1,NULL,Stellar Solar Jacket-L-Yellow,75,NULL,Top,Stellar Solar Jacket-L-Yellow,"Default Category-Women-Tops-Jackets,Default Category-Collections-New Luma Yoga Collection,Default Category-Collections-Erin Recommends,Default Category",NULL,NULL,1068,WJ01-L-Yellow,NULL,NULL,NULL,NULL,NULL,NULL,2023-11-25 07:08:18,2023-11-25 07:11:57
11768496,NULL,1,NULL,Adrienne Trek Jacket-L-Purple,57,NULL,Top,Adrienne Trek Jacket-L-Purple,"Default Category-Women-Tops-Jackets,Default Category-Promotions-Women Sale,Default Category-Collections-Erin Recommends,Default Category",NULL,NULL,1068,WJ08-L-Purple,NULL,NULL,NULL,NULL,NULL,NULL,2023-11-25 07:08:18,2023-11-25 07:11:57
11768508,NULL,1,NULL,Jade Yoga Jacket-M-Gray,32,NULL,Top,Jade Yoga Jacket-M-Gray,"Default Category-Women-Tops-Jackets,Default Category-Collections-Erin Recommends,Default Category",NULL,NULL,1068,WJ09-M-Gray,NULL,NULL,NULL,NULL,NULL,NULL,2023-11-25 07:08:18,2023-11-25 07:11:57
11767335,NULL,99,NULL,Hero Hoodie-M-Green,54,NULL,Top,Hero Hoodie-M-Green,Default Category-Men-Tops-Hoodies & Sweatshirts,NULL,NULL,1068,MH07-M-Green,NULL,NULL,NULL,NULL,NULL,NULL,2023-11-25 07:08:18,2023-11-25 07:11:57
11767603,NULL,1,NULL,Proteus Fitness Jackshirt-S-Blue,45,NULL,Top,Proteus Fitness Jackshirt-S-Blue,Default Category-Men-Tops-Jackets,NULL,NULL,1068,MJ12-S-Blue,NULL,NULL,NULL,NULL,NULL,NULL,2023-11-25 07:08:18,2023-11-25 07:11:57
11767542,NULL,1,NULL,Mars HeatTech&trade; Pullover-M-Orange,66,NULL,Top,Mars HeatTech&trade; Pullover-M-Orange,Default Category-Men-Tops-Jackets,NULL,NULL,1068,MJ10-M-Orange,NULL,NULL,NULL,NULL,NULL,NULL,2023-11-25 07:08:18,2023-11-25 07:11:57
11767592,NULL,1,NULL,Montana Wind Jacket-L-Black,49,NULL,Top,Montana Wind Jacket-L-Black,Default Category-Men-Tops-Jackets,NULL,NULL,1068,MJ03-L-Black,NULL,NULL,NULL,NULL,NULL,NULL,2023-11-25 07:08:18,2023-11-25 07:11:57
11767901,NULL,1,NULL,Atlas Fitness Tank-XL-Blue,18,NULL,Top,Atlas Fitness Tank-XL-Blue,"Default Category-Men-Tops-Tanks,Default Category-Collections-Eco Friendly,Default Category",NULL,NULL,1068,MT11-XL-Blue,NULL,NULL,NULL,NULL,NULL,NULL,2023-11-25 07:08:18,2023-11-25 07:11:57
15239785,NULL,998,40878,Casual Trousers Navy / Small,258,Men's Pants,casual-trousers,NULL,NULL,https://cdn.shopify.com/s/files/1/0630/8711/6514/products/2015-06-04-Matt_Look_40880_23220.jpg?v=1644939332,40878,1068,42490314359010,Hansen,Men's Pants,"AW15, black, bottoms, cotton, Hansen, man, mens, navy, pants, signature",NULL,NULL,NULL,2023-11-25 07:08:18,2024-05-23 03:31:18
11773054,NULL,1,10238,BROWNSVILLE BELT,27,MEN'S,BROWN,NULL,NULL,34,NULL,1068,7.04907974240836E+018,WOL,MEN,ACC,BEL,MENACCBEL,1,2023-11-25 07:08:18,2023-11-25 07:11:57
15240274,NULL,130,NULL,NULL,338,(NIL),169,NULL,NULL,NULL,NULL,1068,8903718271408,NULL,NULL,NULL,NULL,NULL,NULL,2023-11-25 07:08:18,2023-11-25 07:11:57
15240275,NULL,130,NULL,NULL,500,(NIL),500,NULL,NULL,NULL,NULL,1068,8903718257495,NULL,NULL,NULL,NULL,NULL,NULL,2023-11-25 07:08:18,2023-11-25 07:11:57
15240545,NULL,1,17,Pizza,14.99,NULL,NULL,NULL,NULL,L,NULL,1068,6.07564886000161E+017,NULL,NULL,NULL,NULL,NULL,1,2023-11-25 07:08:18,2024-05-27 12:13:48
11773063,NULL,1,10306,BOLLYWOOD SUMMER DRESS,49.99,WOM,PINK,NULL,NULL,2,NULL,1068,7.04917280558357E+018,MIZ,WOM,CLO,DRS,WOMCLODRS,1,2023-11-25 07:08:18,2024-05-24 03:23:58
11767604,NULL,1,NULL,Proteus Fitness Jackshirt-S-Orange,45,NULL,Top,Proteus Fitness Jackshirt-S-Orange,Default Category-Men-Tops-Jackets,NULL,NULL,1068,MJ12-S-Orange,NULL,NULL,NULL,NULL,NULL,NULL,2023-11-25 07:08:18,2023-11-25 07:11:57
11767589,NULL,1,NULL,Montana Wind Jacket-M-Black,49,NULL,Top,Montana Wind Jacket-M-Black,Default Category-Men-Tops-Jackets,NULL,NULL,1068,MJ03-M-Black,NULL,NULL,NULL,NULL,NULL,NULL,2023-11-25 07:08:18,2023-11-25 07:11:57
11767595,NULL,1,NULL,Montana Wind Jacket-XL-Black,49,NULL,Top,Montana Wind Jacket-XL-Black,Default Category-Men-Tops-Jackets,NULL,NULL,1068,MJ03-XL-Black,NULL,NULL,NULL,NULL,NULL,NULL,2023-11-25 07:08:18,2023-11-25 07:11:57
15252014,NULL,998,40911,Two Button Blazer Black / Large,458,men's coats & jackets,two-button-blazer,NULL,NULL,https://cdn.shopify.com/s/files/1/0630/8711/6514/products/2015-06-04-Matt_Look_40909_23291.jpg?v=1644939340,40911,1068,42490314883298,Hansen,men's coats & jackets,"AW15, blazers, Hansen, man, mens, mens blazers, mens jackets, outerwear, Shot 6/4/15, signature",NULL,NULL,NULL,2023-11-25 07:08:18,2024-05-23 04:01:04
15254644,NULL,998,40880,Casual Trousers Navy / Medium,258,Men's Pants,casual-trousers,NULL,NULL,https://cdn.shopify.com/s/files/1/0630/8711/6514/products/2015-06-04-Matt_Look_40880_23230.jpg?v=1644939333,40880,1068,42490314391778,Hansen,Men's Pants,"AW15, black, bottoms, cotton, Hansen, man, mens, navy, pants, signature",NULL,NULL,NULL,2023-11-25 07:08:18,2024-05-23 03:31:18
15254645,NULL,998,40882,Casual Trousers Navy / Large,258,Men's Pants,casual-trousers,NULL,NULL,https://cdn.shopify.com/s/files/1/0630/8711/6514/products/2015-06-04-Matt_Look_40880_23220.jpg?v=1644939332,40882,1068,42490314424546,Hansen,Men's Pants,"AW15, black, bottoms, cotton, Hansen, man, mens, navy, pants, signature",NULL,NULL,NULL,2023-11-25 07:08:18,2024-05-23 03:31:18
15254666,NULL,998,40908,Two Button Blazer Marine / Small,458,men's coats & jackets,two-button-blazer,NULL,NULL,https://cdn.shopify.com/s/files/1/0630/8711/6514/products/2015-06-04-Matt_Look_40910_23051.jpg?v=1644939340,40908,1068,42490314916066,Hansen,men's coats & jackets,"AW15, blazers, Hansen, man, mens, mens blazers, mens jackets, outerwear, Shot 6/4/15, signature",NULL,NULL,NULL,2023-11-25 07:08:18,2024-05-23 04:01:04
11773013,NULL,1,87872,VITAMINS,10,ACC,NULL,NULL,NULL,NULL,NULL,1068,-7.68767557282778E+018,ACM,ACC,VIT,XXX,ACCVITXXX,1,2023-11-25 07:08:18,2023-11-25 07:11:57
15254701,NULL,998,18579,18579,168,men's button-ups,amand-shirt-brown,NULL,NULL,https://cdn.shopify.com/s/files/1/0630/8711/6514/products/2014-09-14_Spencer_Look_07_06.jpg?v=1644935292,18579,1068,42489968066786,Circle of Gentlemen,men's button-ups,"arrivals, Brown, Button-Down, Button-up, Circle of Gentlemen, Dress Shirt, F14, Italy, Man, Men's, new arrival, new arrivals, SALE, SALE30, shirt, Slim, top, tops, visible",NULL,NULL,NULL,2023-11-25 07:08:18,2024-06-26 13:54:15
11767549,NULL,1,NULL,Mars HeatTech&trade; Pullover-XL-Red,66,NULL,Top,Mars HeatTech&trade; Pullover-XL-Red,Default Category-Men-Tops-Jackets,NULL,NULL,1068,MJ10-XL-Red,NULL,NULL,NULL,NULL,NULL,NULL,2023-11-25 07:08:18,2023-11-25 07:11:57
15256305,NULL,99,40910,Two Button Blazer Marine / Medium,458,men's coats & jackets,two-button-blazer,NULL,NULL,https://cdn.shopify.com/s/files/1/0630/8711/6514/products/2015-06-04-Matt_Look_40910_23051.jpg?v=1644939340,40910,1068,42490314948834,Hansen,men's coats & jackets,"AW15, blazers, Hansen, man, mens, mens blazers, mens jackets, outerwear, Shot 6/4/15, signature",NULL,NULL,NULL,2023-11-25 07:08:18,2024-05-23 04:01:04
15201985,NULL,998,50943,Ballet Top Black / X-Small,78,women's tops,3-4-sleeve-shirt,NULL,NULL,https://cdn.shopify.com/s/files/1/0630/8711/6514/products/2015-07-02_Ashley_04_50943_23749.jpg?v=1644939612,50943,1068,42490342539490,Organic by John Patrick,women's tops,"arrivals, AW15, black, cotton, feather, organic, organic by john patrick, Shot 7/2/15, tops, white, Woman",NULL,NULL,NULL,2023-11-25 07:08:18,2024-05-23 03:30:30
15256306,NULL,99,51000,Turtleneck Black / X-Small,98,women's tops,turtleneck-top,NULL,NULL,https://cdn.shopify.com/s/files/1/0630/8711/6514/products/2015-07-02_Ashley_12_51000_23821.jpg?v=1644939675,51000,1068,42490348503266,Organic by John Patrick,women's tops,"arrivals, AW15, black, feather, organic, organic by john patrick, Shot 7/2/15, tops, turtleneck, white, Woman",NULL,NULL,NULL,2023-11-25 07:08:18,2024-05-23 04:01:03
15202003,NULL,99,51039,Elastic Waist Dress Black / Medium,748,women's dresses,dress-1,NULL,NULL,https://cdn.shopify.com/s/files/1/0630/8711/6514/products/2015-07-02_Ashley_36_51037_24062.jpg?v=1644939698,51039,1068,42490350469346,Co,women's dresses,"arrivals, AW15, black, Co, dresses, nightout, Shot 7/2/15, Woman",NULL,NULL,NULL,2023-11-25 07:08:18,2024-05-24 01:45:07
15202001,NULL,998,51037,Elastic Waist Dress Black / X-Small,748,women's dresses,dress-1,NULL,NULL,https://cdn.shopify.com/s/files/1/0630/8711/6514/products/2015-07-02_Ashley_36_51037_24062.jpg?v=1644939698,51037,1068,42490350403810,Co,women's dresses,"arrivals, AW15, black, Co, dresses, nightout, Shot 7/2/15, Woman",NULL,NULL,NULL,2023-11-25 07:08:18,2024-05-24 01:45:07
15202002,NULL,999,51038,Elastic Waist Dress Black / Small,748,women's dresses,dress-1,NULL,NULL,https://cdn.shopify.com/s/files/1/0630/8711/6514/products/2015-07-02_Ashley_36_51037_24062.jpg?v=1644939698,51038,1068,42490350436578,Co,women's dresses,"arrivals, AW15, black, Co, dresses, nightout, Shot 7/2/15, Woman",NULL,NULL,NULL,2023-11-25 07:08:18,2024-05-24 01:45:07
15256314,NULL,99,18584,Amand Shirt in Brown Brown / 42,168,men's button-ups,amand-shirt-brown,NULL,NULL,https://cdn.shopify.com/s/files/1/0630/8711/6514/products/2014-09-14_Spencer_Look_07_06.jpg?v=1644935292,18584,1068,42489968230626,Circle of Gentlemen,men's button-ups,"arrivals, Brown, Button-Down, Button-up, Circle of Gentlemen, Dress Shirt, F14, Italy, Man, Men's, new arrival, new arrivals, SALE, SALE30, shirt, Slim, top, tops, visible",NULL,NULL,NULL,2023-11-25 07:08:18,2024-05-23 03:30:15
15256326,NULL,99,50998,Long Sleeved Tee Beige / Large,88,women's tops,long-sleeve-shirt,NULL,NULL,https://cdn.shopify.com/s/files/1/0630/8711/6514/products/2015-07-02_Ashley_19_50989_23883_1.jpg?v=1644939665,50998,1068,42490347880674,Organic by John Patrick,women's tops,"arrivals, AW15, beige, black, feather, organic, organic by john patrick, Shot 7/2/15, tops, white, Woman",NULL,NULL,NULL,2023-11-25 07:08:18,2024-05-23 03:50:07
15256328,NULL,99,50059,Hand Dyed Silk Top 2 / Grey,229.6,women's tops,hand-dyed-silk-top,NULL,NULL,https://cdn.shopify.com/s/files/1/0630/8711/6514/products/2015-05-14_Ashley_Look16_50029_22164_5e862165-0936-45b1-80f9-f0656dca2fa3.jpg?v=1644939419,50059,1068,42490321961186,Manuelle Guibal,women's tops,"grey, manuelle guibal, SALE, Shot 5/14, ss15, tops, woman",NULL,NULL,NULL,2023-11-25 07:08:18,2024-05-23 03:40:57
15256333,NULL,99,18582,Amand Shirt in Brown Brown / 40,168,men's button-ups,amand-shirt-brown,NULL,NULL,https://cdn.shopify.com/s/files/1/0630/8711/6514/products/2014-09-14_Spencer_Look_07_06.jpg?v=1644935292,18582,1068,42489968165090,Circle of Gentlemen,men's button-ups,"arrivals, Brown, Button-Down, Button-up, Circle of Gentlemen, Dress Shirt, F14, Italy, Man, Men's, new arrival, new arrivals, SALE, SALE30, shirt, Slim, top, tops, visible",NULL,NULL,NULL,2023-11-25 07:08:18,2024-05-23 03:30:15
15256334,NULL,999,51032,Cape Dress Black / X-Small,788,women's dresses,cape-dress-1,NULL,NULL,https://cdn.shopify.com/s/files/1/0630/8711/6514/products/babyandco5.jpg?v=1644939691,51032,1068,42490349781218,Co,women's dresses,"arrivals, AW15, black, Co, Dark Green, Dresses, green, nightout, Shot 7/2/15, Woman",NULL,NULL,NULL,2023-11-25 07:08:18,2024-05-23 03:31:04
15256999,NULL,99,NULL,#9FT Large Icing Piping Nozzles Russian Nozzles Pastry Tips Cookies Cake Decorating Tools Tips Cream Fondant Pastry Nozzles Default Title,200.7,NULL,9ft-large-icing-piping-nozzles-russian-nozzles-pastry-tips-cookies-cake-decorating-tools-tips-cream-fondant-pastry-nozzles,NULL,NULL,NULL,NULL,1068,42139547861192,loyalty-app-dev,OCGEMS,NULL,NULL,NULL,NULL,2023-11-25 07:08:18,2023-11-25 07:11:57
15257000,NULL,99,40912,Two Button Blazer Marine / Large,458,men's coats & jackets,two-button-blazer,NULL,NULL,https://cdn.shopify.com/s/files/1/0630/8711/6514/products/2015-06-04-Matt_Look_40910_23051.jpg?v=1644939340,40912,1068,42490314981602,Hansen,men's coats & jackets,"AW15, blazers, Hansen, man, mens, mens blazers, mens jackets, outerwear, Shot 6/4/15, signature",NULL,NULL,NULL,2023-11-25 07:08:18,2024-05-23 04:01:04
15257072,NULL,998,40874,40874,538,men's coats & jackets,five-button-blazer,NULL,NULL,https://cdn.shopify.com/s/files/1/0630/8711/6514/products/2015-06-04-Matt_Look1_40546_22747.jpg?v=1644939344,40874,1068,42490315145442,Hansen,men's coats & jackets,"AW15, Hansen, indigo striped, man, mens, mens blazers, mens jackets, outerwear, Shot 6/4/15, signature",NULL,NULL,NULL,2023-11-25 07:08:18,2024-06-12 11:07:25
11773072,NULL,1,20299,AIR RARAMURI,94.5464,MEN,WALNUT,NULL,NULL,9.5,NULL,1068,7.0603473007678E+018,NIK,MEN,FTW,CAS,MENFTWCAS,1,2023-11-25 07:08:18,2024-06-03 14:46:08
15257088,NULL,99,50086,Mansfield Slim Jean Ausable / 30,188,Men's Pants,mansfield-slim-jean,NULL,NULL,https://cdn.shopify.com/s/files/1/0630/8711/6514/products/2015-06-04-Matt_Look_40917_23012_copy.jpg?v=1644939439,50086,1068,42490323534050,US Jeans Co,Men's Pants,"ausable, AW15, blue, bottoms, denim, jeans, man, pants, Shot 6/4/15, signature, Us Jeans Co",NULL,NULL,NULL,2023-11-25 07:08:18,2024-05-23 03:50:15
15257743,NULL,998,40907,40907,458,men's coats & jackets,two-button-blazer,NULL,NULL,https://cdn.shopify.com/s/files/1/0630/8711/6514/products/2015-06-04-Matt_Look_40909_23291.jpg?v=1644939340,40907,1068,42490314817762,Hansen,men's coats & jackets,"AW15, blazers, Hansen, man, mens, mens blazers, mens jackets, outerwear, Shot 6/4/15, signature",NULL,NULL,NULL,2023-11-25 07:08:18,2024-07-23 13:10:44
15258689,NULL,99,30689,Basic Short 1 / Castel Rock,201.6,women's shorts,basic-short,NULL,NULL,https://cdn.shopify.com/s/files/1/0630/8711/6514/products/2015-02-19_Ashley_Look_10_30689_5328_7e02f074-b764-4e21-86a8-5d3cc8201717.jpg?v=1644937645,30689,1068,42490125418722,Kristensen du Nord,women's shorts,"2/16, bottoms, kristensen du nord, publish, SALE, shorts, ss15, visible, WEEK08, woman",NULL,NULL,NULL,2023-11-25 07:08:18,2024-05-23 03:30:33
15201736,NULL,99,50679,Neil Hat Medium / Black Shantung,238,unisex hats,neil-hat,NULL,NULL,https://cdn.shopify.com/s/files/1/0630/8711/6514/products/2015-07-08_Laydown_50679_24517.jpg?v=1644939596,50679,1068,42490340868322,Cha Cha's House of Ill Repute,unisex hats,"Accessories, arrivals, AW15, black, cha chas house of ill repute, copy, grey, Hats, panama, shot 7/9/15",NULL,NULL,NULL,2023-11-25 07:08:18,2024-05-23 03:50:34
15202068,NULL,998,40744,Epicurean Backpack One Size / Black,658,unisex bags,epicurean-backpack-black,NULL,NULL,https://cdn.shopify.com/s/files/1/0630/8711/6514/products/2015-04-20_Accessories_06_40744_21285.jpg?v=1644939238,40744,1068,42490306822370,Bedford 11th,unisex bags,"3/30, accessories, arrivals, AW15, bag, bedford 11th, black, bounty, copy, fathersday, man, menluggage, Shot 5/1, signature, spring7, spring9, woman",NULL,NULL,NULL,2023-11-25 07:08:18,2024-06-07 08:05:24
11773071,NULL,1,20305,AIR RARAMURI,94.5464,MEN,WALNUT,NULL,NULL,10,NULL,1068,7.06034730023093E+018,NIK,MEN,FTW,CAS,MENFTWCAS,1,2023-11-25 07:08:18,2024-07-16 11:51:46
11767607,NULL,1,NULL,Proteus Fitness Jackshirt-M-Orange,45,NULL,Top,Proteus Fitness Jackshirt-M-Orange,Default Category-Men-Tops-Jackets,NULL,NULL,1068,MJ12-M-Orange,NULL,NULL,NULL,NULL,NULL,NULL,2023-11-25 07:08:18,2023-11-25 07:11:57
15259030,NULL,999,18581,Amand Shirt in Brown Brown / 39,168,men's button-ups,amand-shirt-brown,NULL,NULL,https://cdn.shopify.com/s/files/1/0630/8711/6514/products/2014-09-14_Spencer_Look_07_06.jpg?v=1644935292,18581,1068,42489968132322,Circle of Gentlemen,men's button-ups,"arrivals, Brown, Button-Down, Button-up, Circle of Gentlemen, Dress Shirt, F14, Italy, Man, Men's, new arrival, new arrivals, SALE, SALE30, shirt, Slim, top, tops, visible",NULL,NULL,NULL,2023-11-25 07:08:18,2024-05-23 03:30:15
15259031,NULL,99,40879,Casual Trousers Black / Medium,258,Men's Pants,casual-trousers,NULL,NULL,https://cdn.shopify.com/s/files/1/0630/8711/6514/products/2015-06-04-Matt_Look_40879_23338.jpg?v=1644939332,40879,1068,42490314293474,Hansen,Men's Pants,"AW15, black, bottoms, cotton, Hansen, man, mens, navy, pants, signature",NULL,NULL,NULL,2023-11-25 07:08:18,2024-05-23 03:31:18
15259032,NULL,99,40909,Two Button Blazer Black / Medium,458,men's coats & jackets,two-button-blazer,NULL,NULL,https://cdn.shopify.com/s/files/1/0630/8711/6514/products/2015-06-04-Matt_Look_40909_23291.jpg?v=1644939340,40909,1068,42490314850530,Hansen,men's coats & jackets,"AW15, blazers, Hansen, man, mens, mens blazers, mens jackets, outerwear, Shot 6/4/15, signature",NULL,NULL,NULL,2023-11-25 07:08:18,2024-05-23 04:01:04
11773145,NULL,1,50289,ALUMINUM BAT,219.989,EQP,OMAHA,NULL,NULL,NULL,NULL,1068,7.1601684212429E+018,LOU,EQP,XXX,BAS,EQPXXXBAS,1,2023-11-25 07:08:18,2023-11-25 07:11:57
15256335,NULL,99,51034,Cape Dress Black / Small,788,women's dresses,cape-dress-1,NULL,NULL,https://cdn.shopify.com/s/files/1/0630/8711/6514/products/babyandco5.jpg?v=1644939691,51034,1068,42490349813986,Co,women's dresses,"arrivals, AW15, black, Co, Dark Green, Dresses, green, nightout, Shot 7/2/15, Woman",NULL,NULL,NULL,2023-11-25 07:08:18,2024-05-23 03:31:04
15260585,NULL,998,40877,Casual Trousers Black / Small,258,Men's Pants,casual-trousers,NULL,NULL,https://cdn.shopify.com/s/files/1/0630/8711/6514/products/2015-06-04-Matt_Look_40879_23338.jpg?v=1644939332,40877,1068,42490314260706,Hansen,Men's Pants,"AW15, black, bottoms, cotton, Hansen, man, mens, navy, pants, signature",NULL,NULL,NULL,2023-11-25 07:08:18,2024-05-23 03:31:18
15263308,NULL,99,30916,Waffle Knit Crew X-Small / Charcoal,131.6,women's t-shirts,waffle-knit-crew,NULL,NULL,https://cdn.shopify.com/s/files/1/0630/8711/6514/products/2015-03-02_Ashley_Look_06_30916_7670.jpg?v=1644937907,30916,1068,42490146390242,V:Room,women's t-shirts,"2/23, bounty, charcoal, SALE, Shot 3/2, ss15, tops, v room, visible, WEEK09, WEEK10, woman",NULL,NULL,NULL,2023-11-25 07:08:18,2024-05-23 04:01:22
15201781,NULL,998,32019,32019,404.6,men's denim,5-pocket-jean,NULL,NULL,https://cdn.shopify.com/s/files/1/0630/8711/6514/products/2015-04-03_Jake_Look_08_32020_18028.jpg?v=1716966909,32019,1068,42490179780834,Nigel Cabourn,men's denim,"03/03, arrivals, blue, bounty, denim, indigo, jeans, man, new arrival, new arrivals, newman, nigel cabourn, SALE, Shot 3/5, Shot 4/3, ss15, visible, WEEK10",NULL,NULL,NULL,2023-11-25 07:08:18,2024-06-07 08:01:51
15261884,NULL,99,50087,Mansfield Slim Jean Ausable / 31,188,Men's Pants,mansfield-slim-jean,NULL,NULL,https://cdn.shopify.com/s/files/1/0630/8711/6514/products/2015-06-04-Matt_Look_40917_23012_copy.jpg?v=1644939439,50087,1068,42490323566818,US Jeans Co,Men's Pants,"ausable, AW15, blue, bottoms, denim, jeans, man, pants, Shot 6/4/15, signature, Us Jeans Co",NULL,NULL,NULL,2023-11-25 07:08:18,2024-05-23 03:50:15
11768988,NULL,1,NULL,Breathe-Easy Tank-M-White,34,NULL,Top,Breathe-Easy Tank-M-White,"Default Category-Women-Tops-Bras & Tanks,Default Category-Promotions-Women Sale,Default Category-Collections-Erin Recommends,Default Category",NULL,NULL,1068,WT09-M-White,NULL,NULL,NULL,NULL,NULL,NULL,2023-11-25 07:08:18,2023-11-25 07:11:57
11767876,NULL,1,NULL,Argus All-Weather Tank-L-Gray,22,NULL,Top,Argus All-Weather Tank-L-Gray,"Default Category-Men-Tops-Tanks,Default Category-Collections-Eco Friendly,Default Category",NULL,NULL,1068,MT07-L-Gray,NULL,NULL,NULL,NULL,NULL,NULL,2023-11-25 07:08:18,2023-11-25 07:11:57
11767574,NULL,1,NULL,Jupiter All-Weather Trainer -M-Green,56.99,NULL,Top,Jupiter All-Weather Trainer -M-Green,"Default Category-Men-Tops-Jackets,Default Category-Collections-Eco Friendly,Default Category",NULL,NULL,1068,MJ06-M-Green,NULL,NULL,NULL,NULL,NULL,NULL,2023-11-25 07:08:18,2023-11-25 07:11:57
11773057,NULL,1,10252,MODERN FIT WALKING SHORTS,17.64,WOMEN'S,NULL,NULL,NULL,4,NULL,1068,7.04912514333325E+018,LEE,WOM,CLO,CAS,WOMCLOCAS,1,2023-11-25 07:08:18,2023-11-25 07:11:57
15260083,NULL,99,17518,Anchor Necklace Black / One Size,158,women's necklaces,anchor-necklace-no-color,NULL,NULL,https://cdn.shopify.com/s/files/1/0630/8711/6514/products/product_necklace_mariacalderara_anchor-necklace01.jpg?v=1644934996,17518,1068,42489952272610,Maria Calderara,women's necklaces,"Accessories, Accessory, F14, jewelry, Maria Calderara, Necklaces, SALE, SALE30_4, visible, Woman",NULL,NULL,NULL,2023-11-25 07:08:18,2024-05-23 03:30:16
15261672,NULL,99,10033,Leace Cuff O/S / Silver / Leather,228,women's bracelets,leace-cuff-leather,NULL,Leather,https://cdn.shopify.com/s/files/1/0630/8711/6514/products/2015-04-20_Accessories_29_10033_21364.jpg?v=1644938852,10033,1068,42490270712034,Kalosoma Jewelry,women's bracelets,"03/19, accessories, bounty, bracelets, cuffs, jewelry, Kalosoma, leather, mothermoon, Shot 5/1, ss15, woman",NULL,NULL,NULL,2023-11-25 07:08:18,2024-05-23 03:41:38
15201737,NULL,99,50680,Neil Hat Large / Black Shantung,238,unisex hats,neil-hat,NULL,NULL,https://cdn.shopify.com/s/files/1/0630/8711/6514/products/2015-07-08_Laydown_50679_24517.jpg?v=1644939596,50680,1068,42490340901090,Cha Cha's House of Ill Repute,unisex hats,"Accessories, arrivals, AW15, black, cha chas house of ill repute, copy, grey, Hats, panama, shot 7/9/15",NULL,NULL,NULL,2023-11-25 07:08:18,2024-05-23 03:50:34
15789238,NULL,10,NULL,Desc1,100,NULL,Black,NULL,NULL,4,NULL,1068,6.3213277818979E+016,NULL,NULL,NULL,NULL,NULL,NULL,2023-11-25 07:08:18,2023-11-25 07:11:57
15789239,NULL,10,NULL,Desc1,200,NULL,12,NULL,NULL,4,NULL,1068,6.3213277838979E+016,NULL,NULL,NULL,NULL,NULL,NULL,2023-11-25 07:08:18,2023-11-25 07:11:57
15789240,NULL,2,NULL,51310937 VISIVO,325,WEEKEND,4PINK,NULL,NULL,10,NULL,1068,8.50226915130067E+018,NULL,NULL,NULL,NULL,NULL,1,2023-11-25 07:08:18,2023-11-25 07:11:57
15789241,NULL,2,NULL,51310937 VISIVO,325,WEEKEND,7GRN,NULL,NULL,10,NULL,1068,8.5022692489072E+018,NULL,NULL,NULL,NULL,NULL,1,2023-11-25 07:08:18,2023-11-25 07:11:57
15789242,NULL,2,NULL,COMPLIMENTARY HEM,0,ACCESSORIES,N,NULL,NULL,3,NULL,1068,8.03642558133777E+018,NULL,NULL,NULL,NULL,NULL,1,2023-11-25 07:08:18,2023-11-25 07:11:57
15789243,NULL,1,50074,PULLOVER MEN'S HOODIE,39.59,MEN'S,GREY,NULL,NULL,M(38-40),NULL,1068,7.1595108336816E+018,NULL,NULL,NULL,NULL,NULL,1,2023-11-25 07:08:18,2023-11-25 07:11:57
15263241,NULL,99,40486,Unisex Shawl Cardigan Large / Natural,250.6,unisex knitwear,shawl-cardigan-natural,NULL,NULL,https://cdn.shopify.com/s/files/1/0630/8711/6514/products/2015-06-04-Matt_Look_40486_22971.jpg?v=1644939270,40486,1068,42490309181666,V:Room,unisex knitwear,"4/10, bounty, cardigans, knits, knitwear, Man, natural, outerwear, SALE, Shot 4/19, spring9, ss15, stripe, stripesmen, sweaters, V:Room, woman",NULL,NULL,NULL,2023-11-25 07:08:18,2024-05-23 04:01:09
11768556,NULL,1,NULL,Juno Jacket-M-Green,77,NULL,Top,Juno Jacket-M-Green,"Default Category-Women-Tops-Jackets,Default Category-Promotions-Women Sale,Default Category-Collections-Performance Fabrics,Default Category",NULL,NULL,1068,WJ06-M-Green,NULL,NULL,NULL,NULL,NULL,NULL,2023-11-25 07:08:18,2023-11-25 07:11:57
11768554,NULL,1,NULL,Juno Jacket-S-Purple,77,NULL,Top,Juno Jacket-S-Purple,"Default Category-Women-Tops-Jackets,Default Category-Promotions-Women Sale,Default Category-Collections-Performance Fabrics,Default Category",NULL,NULL,1068,WJ06-S-Purple,NULL,NULL,NULL,NULL,NULL,NULL,2023-11-25 07:08:18,2023-11-25 07:11:57
15792678,NULL,8,NULL,4573102638236,51,NULL,NULL,NULL,NULL,NULL,NULL,1068,44936889762110,NULL,NULL,NULL,NULL,NULL,NULL,2023-11-25 07:08:18,2023-11-25 07:11:57
11767186,NULL,1,NULL,Voyage Yoga Bag,32,NULL,Bag,Voyage Yoga Bag,"Default Category-Gear,Default Category-Gear-Bags",NULL,NULL,1068,24-WB01,NULL,NULL,NULL,NULL,NULL,NULL,2023-11-25 07:08:18,2023-11-25 07:11:57
11767559,NULL,1,NULL,Typhon Performance Fleece-lined Jacket-M-Red,60,NULL,Top,Typhon Performance Fleece-lined Jacket-M-Red,Default Category-Men-Tops-Jackets,NULL,NULL,1068,MJ11-M-Red,NULL,NULL,NULL,NULL,NULL,NULL,2023-11-25 07:08:18,2023-11-25 07:11:57
15256339,NULL,99,51035,Cape Dress Dark Green / Medium,788,women's dresses,cape-dress-1,NULL,NULL,https://cdn.shopify.com/s/files/1/0630/8711/6514/products/2015-07-02_Ashley_34_51031_24037.jpg?v=1644939691,51035,1068,42490349945058,Co,women's dresses,"arrivals, AW15, black, Co, Dark Green, Dresses, green, nightout, Shot 7/2/15, Woman",NULL,NULL,NULL,2023-11-25 07:08:18,2024-05-23 03:31:05
11768570,NULL,1,NULL,Olivia 1-4 Zip Light Jacket-S-Purple,77,NULL,Top,Olivia 1/4 Zip Light Jacket-S-Purple,"Default Category-Women-Tops-Jackets,Default Category-Promotions-Women Sale,Default Category-Collections-Performance Fabrics,Default Category",NULL,NULL,1068,WJ12-S-Purple,NULL,NULL,NULL,NULL,NULL,NULL,2023-11-25 07:08:18,2023-11-25 07:11:57
15260528,NULL,99,40577,Camoscio Zip Heel 35 / Black,578,women's shoes,camoscio-zip-heel-black,NULL,NULL,https://cdn.shopify.com/s/files/1/0630/8711/6514/products/2015-04-02_Accessories_11_40578_17815.jpg?v=1644939094,40577,1068,42490293387490,Ann Demeulemeester,women's shoes,"3/31, Ann Demeulemeester, arrivals, AW15, black, boots, copy, heels, nightout, shoe, shoemoon, shoes, signature, spring2, spring4, spring7, spring8, woman",NULL,NULL,NULL,2023-11-25 07:08:18,2024-05-23 03:31:03
15260511,NULL,99,40530,Camoscio Heel 36 / Red,398,women's shoes,camoscio-heel-red,NULL,NULL,https://cdn.shopify.com/s/files/1/0630/8711/6514/products/2015-04-02_Accessories_13_40532_17829.jpg?v=1644939037,40530,1068,42490288931042,Ann Demeulemeester,women's shoes,"3/30, Ann Demeulemeester, arrivals, AW15, copy, heel, nightout, red, shoe, shoemoon, shoes, signature, spring2, spring6, spring8, stiletto, woman",NULL,NULL,NULL,2023-11-25 07:08:18,2024-05-23 03:31:01
11768491,NULL,1,NULL,Adrienne Trek Jacket-M-Gray,57,NULL,Top,Adrienne Trek Jacket-M-Gray,"Default Category-Women-Tops-Jackets,Default Category-Promotions-Women Sale,Default Category-Collections-Erin Recommends,Default Category",NULL,NULL,1068,WJ08-M-Gray,NULL,NULL,NULL,NULL,NULL,NULL,2023-11-25 07:08:18,2023-11-25 07:11:57
11768492,NULL,1,NULL,Adrienne Trek Jacket-M-Orange,57,NULL,Top,Adrienne Trek Jacket-M-Orange,"Default Category-Women-Tops-Jackets,Default Category-Promotions-Women Sale,Default Category-Collections-Erin Recommends,Default Category",NULL,NULL,1068,WJ08-M-Orange,NULL,NULL,NULL,NULL,NULL,NULL,2023-11-25 07:08:18,2023-11-25 07:11:57
11768565,NULL,1,NULL,Olivia 1-4 Zip Light Jacket-XS-Black,77,NULL,Top,Olivia 1/4 Zip Light Jacket-XS-Black,"Default Category-Women-Tops-Jackets,Default Category-Promotions-Women Sale,Default Category-Collections-Performance Fabrics,Default Category",NULL,NULL,1068,WJ12-XS-Black,NULL,NULL,NULL,NULL,NULL,NULL,2023-11-25 07:08:18,2023-11-25 07:11:57
